Date/Time,Environment:Site Outdoor Air Drybulb Temperature [C](TimeStep),LIVING_UNIT1:Zone People Occupant Count [](TimeStep),LIVING_UNIT1:Zone Mean Air Temperature [C](TimeStep),ATTIC_UNIT1:Zone Mean Air Temperature [C](TimeStep),LIVING_UNIT1:Zone Air System Sensible Heating Energy [J](TimeStep),LIVING_UNIT1:Zone Air System Sensible Cooling Energy [J](TimeStep),LIVING_UNIT1:Zone Thermostat Cooling Setpoint Temperature [C](TimeStep),ATTIC_UNIT1:Zone Air System Sensible Heating Energy [J](TimeStep),ATTIC_UNIT1:Zone Air System Sensible Cooling Energy [J](TimeStep),ATTIC_UNIT1:Zone Thermostat Cooling Setpoint Temperature [C](TimeStep),HTGSETP_SCH:Schedule Value [](TimeStep),CLGSETP_SCH:Schedule Value [](TimeStep),MAIN ELECTRIC HEATING COIL_UNIT1:Heating Coil Heating Energy [J](Hourly),DX COOLING COIL_UNIT1:Cooling Coil Total Cooling Energy [J](TimeStep),CENTRAL SYSTEM_UNIT1:Air System Electricity Energy [J](TimeStep),Averaged Building Temperature:PythonPlugin:OutputVariable [C](TimeStep) 
 02/21  00:15:00,16.2,3.0,19.45643775338268,11.945347315313376,0.0,0.0,24.0,0.0,0.0,0.0,15.0,24.0,,0.0,0.0,0.0 
 02/21  00:30:00,16.2,3.0,19.41145638922837,11.946128131332415,0.0,0.0,24.0,0.0,0.0,0.0,15.0,24.0,,0.0,0.0,0.0 
 02/21  00:45:00,16.2,3.0,19.37255912620881,11.946673388084017,0.0,0.0,24.0,0.0,0.0,0.0,15.0,24.0,,0.0,0.0,0.0 
 02/21  01:00:00,16.2,3.0,19.340890258139205,11.946987388318697,0.0,0.0,24.0,0.0,0.0,0.0,15.0,24.0,0.0,0.0,0.0,0.0 
 02/21  01:15:00,16.2,2.69079,19.29327990212102,11.94708076395199,0.0,0.0,24.0,0.0,0.0,0.0,15.0,24.0,,0.0,0.0,0.0 
 02/21  01:30:00,16.2,2.69079,19.244722121263153,11.946965194459505,0.0,0.0,24.0,0.0,0.0,0.0,15.0,24.0,,0.0,0.0,0.0 
 02/21  01:45:00,16.2,2.69079,19.205566459570329,11.946654336118117,0.0,0.0,24.0,0.0,0.0,0.0,15.0,24.0,,0.0,0.0,0.0 
 02/21  02:00:00,16.2,2.69079,19.175297158543768,11.946164135448944,0.0,0.0,24.0,0.0,0.0,0.0,15.0,24.0,0.0,0.0,0.0,0.0 
 02/21  02:15:00,16.2,3.0,19.1644737747589,11.94551184202934,0.0,0.0,24.0,0.0,0.0,0.0,15.0,24.0,,0.0,0.0,0.0 
 02/21  02:30:00,16.2,3.0,19.15585892545701,11.944727387799102,0.0,0.0,24.0,0.0,0.0,0.0,15.0,24.0,,0.0,0.0,0.0 
 02/21  02:45:00,16.2,3.0,19.141032308477344,11.943823425569372,0.0,0.0,24.0,0.0,0.0,0.0,15.0,24.0,,0.0,0.0,0.0 
 02/21  03:00:00,16.2,3.0,19.121761886339657,11.942809112567986,0.0,0.0,24.0,0.0,0.0,0.0,15.0,24.0,0.0,0.0,0.0,0.0 
 02/21  03:15:00,16.2,2.69079,19.085493576856334,11.941702731082268,0.0,0.0,24.0,0.0,0.0,0.0,15.0,24.0,,0.0,0.0,0.0 
 02/21  03:30:00,16.2,2.69079,19.04949733655747,11.940526852162322,0.0,0.0,24.0,0.0,0.0,0.0,15.0,24.0,,0.0,0.0,0.0 
 02/21  03:45:00,16.2,2.69079,19.022566875526054,11.939302150497437,0.0,0.0,24.0,0.0,0.0,0.0,15.0,24.0,,0.0,0.0,0.0 
 02/21  04:00:00,16.2,2.69079,19.002933327949287,11.938045322727693,0.0,0.0,24.0,0.0,0.0,0.0,15.0,24.0,0.0,0.0,0.0,0.0 
 02/21  04:15:00,16.2,3.0,19.008789753602568,11.936808433866407,0.0,0.0,24.0,0.0,0.0,0.0,15.0,24.0,,0.0,0.0,0.0 
 02/21  04:30:00,16.2,3.0,19.01824971881405,11.93558036631304,0.0,0.0,24.0,0.0,0.0,0.0,15.0,24.0,,0.0,0.0,0.0 
 02/21  04:45:00,16.2,3.0,19.018755410092383,11.934336973676386,0.0,0.0,24.0,0.0,0.0,0.0,15.0,24.0,,0.0,0.0,0.0 
 02/21  05:00:00,16.2,3.0,19.011764152442848,11.933085159748583,0.0,0.0,24.0,0.0,0.0,0.0,15.0,24.0,0.0,0.0,0.0,0.0 
 02/21  05:15:00,16.2,2.69079,19.005995762500527,11.931806568120534,0.0,0.0,24.0,0.0,0.0,0.0,15.0,24.0,,0.0,0.0,0.0 
 02/21  05:30:00,16.2,2.69079,19.006510005871385,11.930657054114344,0.0,0.0,24.0,0.0,0.0,0.0,15.0,24.0,,0.0,0.0,0.0 
 02/21  05:45:00,16.2,2.69079,19.010396270662925,11.929623963312129,0.0,0.0,24.0,0.0,0.0,0.0,15.0,24.0,,0.0,0.0,0.0 
 02/21  06:00:00,16.2,2.69079,19.014686481280319,11.928621794353266,0.0,0.0,24.0,0.0,0.0,0.0,15.0,24.0,0.0,0.0,0.0,0.0 
 02/21  06:15:00,16.2,3.0,19.046996056826246,11.927533537144047,0.0,0.0,24.0,0.0,0.0,0.0,15.0,24.0,,0.0,0.0,0.0 
 02/21  06:30:00,16.2,3.0,19.084114717903149,11.926465953632216,0.0,0.0,24.0,0.0,0.0,0.0,15.0,24.0,,0.0,0.0,0.0 
 02/21  06:45:00,16.2,3.0,19.11014021422506,11.925538548688645,0.0,0.0,24.0,0.0,0.0,0.0,15.0,24.0,,0.0,0.0,0.0 
 02/21  07:00:00,16.2,3.0,19.125541109907326,11.924763508836627,0.0,0.0,24.0,0.0,0.0,0.0,15.0,24.0,0.0,0.0,0.0,0.0 
 02/21  07:15:00,16.2,2.6493,19.121466781856069,11.924116634578806,0.0,0.0,24.0,0.0,0.0,0.0,15.0,24.0,,0.0,0.0,0.0 
 02/21  07:30:00,16.2,2.6493,19.117995454581416,11.923590084886687,0.0,0.0,24.0,0.0,0.0,0.0,15.0,24.0,,0.0,0.0,0.0 
 02/21  07:45:00,16.2,2.6493,19.12406317467802,11.923197639696327,0.0,0.0,24.0,0.0,0.0,0.0,15.0,24.0,,0.0,0.0,0.0 
 02/21  08:00:00,16.2,2.6493,19.135278378621249,11.922932536590002,0.0,0.0,24.0,0.0,0.0,0.0,15.0,24.0,0.0,0.0,0.0,0.0 
 02/21  08:15:00,16.2,1.22583,19.051618148029037,11.922778119786802,0.0,0.0,24.0,0.0,0.0,0.0,15.0,24.0,,0.0,0.0,0.0 
 02/21  08:30:00,16.2,1.22583,18.952361095946896,11.922728233391615,0.0,0.0,24.0,0.0,0.0,0.0,15.0,24.0,,0.0,0.0,0.0 
 02/21  08:45:00,16.2,1.22583,18.892408256861999,11.922771186350117,0.0,0.0,24.0,0.0,0.0,0.0,15.0,24.0,,0.0,0.0,0.0 
 02/21  09:00:00,16.2,1.22583,18.868287064901087,11.92288077503075,0.0,0.0,24.0,0.0,0.0,0.0,15.0,24.0,0.0,0.0,0.0,0.0 
 02/21  09:15:00,16.2,0.72567,18.820612116261147,11.923022121947052,0.0,0.0,24.0,0.0,0.0,0.0,15.0,24.0,,0.0,0.0,0.0 
 02/21  09:30:00,16.2,0.72567,18.76698439915224,11.92315952293021,0.0,0.0,24.0,0.0,0.0,0.0,15.0,24.0,,0.0,0.0,0.0 
 02/21  09:45:00,16.2,0.72567,18.72494688656606,11.923260645605963,0.0,0.0,24.0,0.0,0.0,0.0,15.0,24.0,,0.0,0.0,0.0 
 02/21  10:00:00,16.2,0.72567,18.69653517362169,11.923298307561045,0.0,0.0,24.0,0.0,0.0,0.0,15.0,24.0,0.0,0.0,0.0,0.0 
 02/21  10:15:00,16.2,0.72567,18.67678860594505,11.923251874817972,0.0,0.0,24.0,0.0,0.0,0.0,15.0,24.0,,0.0,0.0,0.0 
 02/21  10:30:00,16.2,0.72567,18.659309152424617,11.923108153127738,0.0,0.0,24.0,0.0,0.0,0.0,15.0,24.0,,0.0,0.0,0.0 
 02/21  10:45:00,16.2,0.72567,18.641692609441305,11.922861329899295,0.0,0.0,24.0,0.0,0.0,0.0,15.0,24.0,,0.0,0.0,0.0 
 02/21  11:00:00,16.2,0.72567,18.624207732847219,11.92251215016192,0.0,0.0,24.0,0.0,0.0,0.0,15.0,24.0,0.0,0.0,0.0,0.0 
 02/21  11:15:00,16.2,0.72567,18.608059858347585,11.922066612274195,0.0,0.0,24.0,0.0,0.0,0.0,15.0,24.0,,0.0,0.0,0.0 
 02/21  11:30:00,16.2,0.72567,18.594289766801617,11.921534396186845,0.0,0.0,24.0,0.0,0.0,0.0,15.0,24.0,,0.0,0.0,0.0 
 02/21  11:45:00,16.2,0.72567,18.581508813236899,11.9209273021974,0.0,0.0,24.0,0.0,0.0,0.0,15.0,24.0,,0.0,0.0,0.0 
 02/21  12:00:00,16.2,0.72567,18.568930208105429,11.920257949876446,0.0,0.0,24.0,0.0,0.0,0.0,15.0,24.0,0.0,0.0,0.0,0.0 
 02/21  12:15:00,16.2,0.72567,18.55587466900001,11.91953885325438,0.0,0.0,24.0,0.0,0.0,0.0,15.0,24.0,,0.0,0.0,0.0 
 02/21  12:30:00,16.2,0.72567,18.543239434204535,11.918805727722673,0.0,0.0,24.0,0.0,0.0,0.0,15.0,24.0,,0.0,0.0,0.0 
 02/21  12:45:00,16.2,0.72567,18.531590197527558,11.918056993449604,0.0,0.0,24.0,0.0,0.0,0.0,15.0,24.0,,0.0,0.0,0.0 
 02/21  13:00:00,16.2,0.72567,18.522164421370066,11.917282129647776,0.0,0.0,24.0,0.0,0.0,0.0,15.0,24.0,0.0,0.0,0.0,0.0 
 02/21  13:15:00,16.2,0.72567,18.514531777201929,11.916487203823089,0.0,0.0,24.0,0.0,0.0,0.0,15.0,24.0,,0.0,0.0,0.0 
 02/21  13:30:00,16.2,0.72567,18.506843839486945,11.91568485291349,0.0,0.0,24.0,0.0,0.0,0.0,15.0,24.0,,0.0,0.0,0.0 
 02/21  13:45:00,16.2,0.72567,18.498609214930395,11.91488398814846,0.0,0.0,24.0,0.0,0.0,0.0,15.0,24.0,,0.0,0.0,0.0 
 02/21  14:00:00,16.2,0.72567,18.49022217079061,11.914089563677582,0.0,0.0,24.0,0.0,0.0,0.0,15.0,24.0,0.0,0.0,0.0,0.0 
 02/21  14:15:00,16.2,0.72567,18.48418371395761,11.913305419047342,0.0,0.0,24.0,0.0,0.0,0.0,15.0,24.0,,0.0,0.0,0.0 
 02/21  14:30:00,16.2,0.72567,18.479073950768794,11.912535344170048,0.0,0.0,24.0,0.0,0.0,0.0,15.0,24.0,,0.0,0.0,0.0 
 02/21  14:45:00,16.2,0.72567,18.47443153712807,11.911782867414344,0.0,0.0,24.0,0.0,0.0,0.0,15.0,24.0,,0.0,0.0,0.0 
 02/21  15:00:00,16.2,0.72567,18.470171947342668,11.91105105224903,0.0,0.0,24.0,0.0,0.0,0.0,15.0,24.0,0.0,0.0,0.0,0.0 
 02/21  15:15:00,16.2,0.72567,18.47464942415538,11.910342448018211,0.0,0.0,24.0,0.0,0.0,0.0,15.0,24.0,,0.0,0.0,0.0 
 02/21  15:30:00,16.2,0.72567,18.481964407210954,11.909704847440123,0.0,0.0,24.0,0.0,0.0,0.0,15.0,24.0,,0.0,0.0,0.0 
 02/21  15:45:00,16.2,0.72567,18.486946006576209,11.909117779910325,0.0,0.0,24.0,0.0,0.0,0.0,15.0,24.0,,0.0,0.0,0.0 
 02/21  16:00:00,16.2,0.72567,18.48899651233201,11.908546201860766,0.0,0.0,24.0,0.0,0.0,0.0,15.0,24.0,0.0,0.0,0.0,0.0 
 02/21  16:15:00,16.2,0.8849400000000001,18.52602880010961,11.907920349368073,0.0,0.0,24.0,0.0,0.0,0.0,15.0,24.0,,0.0,0.0,0.0 
 02/21  16:30:00,16.2,0.8849400000000001,18.573619618399897,11.907312775883776,0.0,0.0,24.0,0.0,0.0,0.0,15.0,24.0,,0.0,0.0,0.0 
 02/21  16:45:00,16.2,0.8849400000000001,18.611098263261959,11.906794798624578,0.0,0.0,24.0,0.0,0.0,0.0,15.0,24.0,,0.0,0.0,0.0 
 02/21  17:00:00,16.2,0.8849400000000001,18.637022217127819,11.90637672341659,0.0,0.0,24.0,0.0,0.0,0.0,15.0,24.0,0.0,0.0,0.0,0.0 
 02/21  17:15:00,16.2,1.6593,18.7257183859792,11.90605334664554,0.0,0.0,24.0,0.0,0.0,0.0,15.0,24.0,,0.0,0.0,0.0 
 02/21  17:30:00,16.2,1.6593,18.82532197071475,11.905839056101325,0.0,0.0,24.0,0.0,0.0,0.0,15.0,24.0,,0.0,0.0,0.0 
 02/21  17:45:00,16.2,1.6593,18.89893966742176,11.905756431091675,0.0,0.0,24.0,0.0,0.0,0.0,15.0,24.0,,0.0,0.0,0.0 
 02/21  18:00:00,16.2,1.6593,18.94743546364014,11.905826665003426,0.0,0.0,24.0,0.0,0.0,0.0,15.0,24.0,0.0,0.0,0.0,0.0 
 02/21  18:15:00,16.2,2.69079,19.05664992464951,11.906068732242057,0.0,0.0,24.0,0.0,0.0,0.0,15.0,24.0,,0.0,0.0,0.0 
 02/21  18:30:00,16.2,2.69079,19.172207696651048,11.906497512326677,0.0,0.0,24.0,0.0,0.0,0.0,15.0,24.0,,0.0,0.0,0.0 
 02/21  18:45:00,16.2,2.69079,19.25826141457503,11.907123056746333,0.0,0.0,24.0,0.0,0.0,0.0,15.0,24.0,,0.0,0.0,0.0 
 02/21  19:00:00,16.2,2.69079,19.316848838084668,11.907952040989504,0.0,0.0,24.0,0.0,0.0,0.0,15.0,24.0,0.0,0.0,0.0,0.0 
 02/21  19:15:00,16.2,2.69079,19.36906259997908,11.90898819066896,0.0,0.0,24.0,0.0,0.0,0.0,15.0,24.0,,0.0,0.0,0.0 
 02/21  19:30:00,16.2,2.69079,19.419211543509286,11.910230849853719,0.0,0.0,24.0,0.0,0.0,0.0,15.0,24.0,,0.0,0.0,0.0 
 02/21  19:45:00,16.2,2.69079,19.46589475340964,11.911673293338263,0.0,0.0,24.0,0.0,0.0,0.0,15.0,24.0,,0.0,0.0,0.0 
 02/21  20:00:00,16.2,2.69079,19.509395767669049,11.913302029269705,0.0,0.0,24.0,0.0,0.0,0.0,15.0,24.0,0.0,0.0,0.0,0.0 
 02/21  20:15:00,16.2,2.69079,19.550691645156335,11.91509742656263,0.0,0.0,24.0,0.0,0.0,0.0,15.0,24.0,,0.0,0.0,0.0 
 02/21  20:30:00,16.2,2.69079,19.58810371590115,11.917035413856353,0.0,0.0,24.0,0.0,0.0,0.0,15.0,24.0,,0.0,0.0,0.0 
 02/21  20:45:00,16.2,2.69079,19.621706295117737,11.919089463548076,0.0,0.0,24.0,0.0,0.0,0.0,15.0,24.0,,0.0,0.0,0.0 
 02/21  21:00:00,16.2,2.69079,19.652541000846523,11.921232433639386,0.0,0.0,24.0,0.0,0.0,0.0,15.0,24.0,0.0,0.0,0.0,0.0 
 02/21  21:15:00,16.2,3.0,19.67863724436066,11.923340458458912,0.0,0.0,24.0,0.0,0.0,0.0,15.0,24.0,,0.0,0.0,0.0 
 02/21  21:30:00,16.2,3.0,19.699330082387325,11.925511219015567,0.0,0.0,24.0,0.0,0.0,0.0,15.0,24.0,,0.0,0.0,0.0 
 02/21  21:45:00,16.2,3.0,19.716116760002444,11.927761025738678,0.0,0.0,24.0,0.0,0.0,0.0,15.0,24.0,,0.0,0.0,0.0 
 02/21  22:00:00,16.2,3.0,19.730922681124324,11.93001181774034,0.0,0.0,24.0,0.0,0.0,0.0,15.0,24.0,0.0,0.0,0.0,0.0 
 02/21  22:15:00,16.2,2.69079,19.69666053559191,11.932240207670937,0.0,0.0,24.0,0.0,0.0,0.0,15.0,24.0,,0.0,0.0,0.0 
 02/21  22:30:00,16.2,2.69079,19.648940377375508,11.93431761939948,0.0,0.0,24.0,0.0,0.0,0.0,15.0,24.0,,0.0,0.0,0.0 
 02/21  22:45:00,16.2,2.69079,19.615131486212357,11.936319487296038,0.0,0.0,24.0,0.0,0.0,0.0,15.0,24.0,,0.0,0.0,0.0 
 02/21  23:00:00,16.2,2.69079,19.59740083844215,11.93825865323432,0.0,0.0,24.0,0.0,0.0,0.0,15.0,24.0,0.0,0.0,0.0,0.0 
 02/21  23:15:00,16.2,3.0,19.5771472207583,11.940088931925056,0.0,0.0,24.0,0.0,0.0,0.0,15.0,24.0,,0.0,0.0,0.0 
 02/21  23:30:00,16.2,3.0,19.55083665171786,11.941723685913165,0.0,0.0,24.0,0.0,0.0,0.0,15.0,24.0,,0.0,0.0,0.0 
 02/21  23:45:00,16.2,3.0,19.52324487526932,11.943140065202578,0.0,0.0,24.0,0.0,0.0,0.0,15.0,24.0,,0.0,0.0,0.0 
 02/21  24:00:00,16.2,3.0,19.498078105009765,11.944346037286668,0.0,0.0,24.0,0.0,0.0,0.0,15.0,24.0,0.0,0.0,0.0,0.0 
 08/21  00:15:00,26.271500000000004,3.0,24.000005316124154,24.604894083094679,0.0,1222189.246296901,24.0,0.0,0.0,0.0,15.0,24.0,,1968987.9995505615,545887.5988137967,0.0 
 08/21  00:30:00,26.165000000000004,3.0,24.0000053283575,24.473285789789658,0.0,1156809.2291423823,24.0,0.0,0.0,0.0,15.0,24.0,,1880218.1525014819,521079.1799413567,0.0 
 08/21  00:45:00,26.058500000000003,3.0,24.00000536124145,24.34728832760774,0.0,1100009.5572095924,24.0,0.0,0.0,0.0,15.0,24.0,,1803735.9001572056,499480.215792811,0.0 
 08/21  01:00:00,25.952000000000007,3.0,24.00000537984649,24.225601685128376,0.0,1048303.2436682545,24.0,0.0,0.0,0.0,15.0,24.0,0.0,1733961.6894294969,479665.77093457817,0.0 
 08/21  01:15:00,25.881000000000005,2.69079,24.000005327292663,24.112433264864455,0.0,976872.0514680678,24.0,0.0,0.0,0.0,15.0,24.0,,1629439.5597916914,451157.72404084328,0.0 
 08/21  01:30:00,25.810000000000004,2.69079,24.000005388321254,24.00867204709918,0.0,934072.2813253512,24.0,0.0,0.0,0.0,15.0,24.0,,1570629.0944902048,434594.18739255008,0.0 
 08/21  01:45:00,25.739000000000006,2.69079,24.000005326378529,23.912967324007409,0.0,895529.2771027737,24.0,0.0,0.0,0.0,15.0,24.0,,1517516.3175867142,419561.81089407278,0.0 
 08/21  02:00:00,25.668000000000004,2.69079,24.000005356082086,23.823078515138027,0.0,859927.1303887855,24.0,0.0,0.0,0.0,15.0,24.0,0.0,1468068.0714518266,405530.92387893339,0.0 
 08/21  02:15:00,25.614750000000006,3.0,24.00000537211439,23.739887470226923,0.0,846301.0454972945,24.0,0.0,0.0,0.0,15.0,24.0,,1455032.0197263258,401216.40702859059,0.0 
 08/21  02:30:00,25.561500000000004,3.0,24.00000530628691,23.6632153960064,0.0,816669.5878644581,24.0,0.0,0.0,0.0,15.0,24.0,,1413591.3110453417,389505.9243922929,0.0 
 08/21  02:45:00,25.508250000000005,3.0,24.000005283562513,23.59225154209082,0.0,789397.0680138462,24.0,0.0,0.0,0.0,15.0,24.0,,1375185.5227367422,378626.7901553847,0.0 
 08/21  03:00:00,25.455000000000007,3.0,24.00000522121475,23.525391439373178,0.0,763893.3034338732,24.0,0.0,0.0,0.0,15.0,24.0,0.0,1338921.876550256,368343.4666753637,0.0 
 08/21  03:15:00,25.401750000000005,2.69079,24.00000519000385,23.461365829437509,0.0,718953.9665664472,24.0,0.0,0.0,0.0,15.0,24.0,,1267582.9864754815,348882.6415515096,0.0 
 08/21  03:30:00,25.3485,2.69079,24.000005167371787,23.399549675086907,0.0,695660.2723901358,24.0,0.0,0.0,0.0,15.0,24.0,,1233409.1462631713,339204.38391030408,0.0 
 08/21  03:45:00,25.295250000000004,2.69079,24.000005089811635,23.33957062940433,0.0,673860.200703359,24.0,0.0,0.0,0.0,15.0,24.0,,1201228.4803287246,330076.37262091567,0.0 
 08/21  04:00:00,25.242000000000006,2.69079,24.000005053044818,23.281095104601648,0.0,653254.421049845,24.0,0.0,0.0,0.0,15.0,24.0,0.0,1170577.024886778,321375.62298534638,0.0 
 08/21  04:15:00,25.206500000000007,3.0,24.000005105039695,23.226423587669957,0.0,666524.141614948,24.0,0.0,0.0,0.0,15.0,24.0,,1200227.0274195763,328652.31769189538,0.0 
 08/21  04:30:00,25.171000000000004,3.0,24.00000508404263,23.17609288623852,0.0,653011.5128214056,24.0,0.0,0.0,0.0,15.0,24.0,,1181149.4797385238,323166.1805638059,0.0 
 08/21  04:45:00,25.135500000000005,3.0,24.000005057274334,23.129390544255079,0.0,639271.4151855729,24.0,0.0,0.0,0.0,15.0,24.0,,1160960.4654053963,317421.64571304948,0.0 
 08/21  05:00:00,25.1,3.0,24.000005033100597,23.085355736506818,0.0,625909.6933108247,24.0,0.0,0.0,0.0,15.0,24.0,0.0,1140950.4675139548,311747.56176199179,0.0 
 08/21  05:15:00,25.135500000000005,2.69079,24.000005116211477,23.05368099322462,0.0,635270.8831169681,24.0,0.0,0.0,0.0,15.0,24.0,,1161846.3002056035,317244.50985377238,0.0 
 08/21  05:30:00,25.171000000000004,2.69079,24.000005082544264,23.03727077691823,0.0,641060.3133867055,24.0,0.0,0.0,0.0,15.0,24.0,,1175227.8505101763,320823.9812915676,0.0 
 08/21  05:45:00,25.206500000000007,2.69079,24.000005091682696,23.033352786700193,0.0,643910.11681935,24.0,0.0,0.0,0.0,15.0,24.0,,1182194.3386461237,322778.16860395538,0.0 
 08/21  06:00:00,25.242000000000006,2.69079,24.000005101466959,23.037790457141793,0.0,646363.8736155939,24.0,0.0,0.0,0.0,15.0,24.0,0.0,1187733.93420872,324395.793651223,0.0 
 08/21  06:15:00,25.36625,3.0,24.000005432325826,23.10582322914864,0.0,800341.5975208283,24.0,0.0,0.0,0.0,15.0,24.0,,1470617.2058013045,398645.22295068649,0.0 
 08/21  06:30:00,25.490500000000006,3.0,24.0000054755958,23.32401553351357,0.0,978264.5778092089,24.0,0.0,0.0,0.0,15.0,24.0,,1791867.6811063318,481827.08828385747,0.0 
 08/21  06:45:00,25.614750000000006,3.0,24.0000033980764,23.66382312088843,0.0,1147721.0795272238,24.0,0.0,0.0,0.0,15.0,24.0,,2080501.124589783,556384.3054862211,0.0 
 08/21  07:00:00,25.739000000000006,3.0,24.000065486951479,24.312091467827054,0.0,1303308.7201736349,24.0,0.0,0.0,0.0,15.0,24.0,0.0,2331115.571941573,621189.1368602514,0.0 
 08/21  07:15:00,26.040750000000004,2.6493,24.00000296285154,24.936297968318156,0.0,1455183.1997194123,24.0,0.0,0.0,0.0,15.0,24.0,,2560361.732776998,682972.9126566614,0.0 
 08/21  07:30:00,26.342500000000006,2.6493,24.000001666347307,25.672679290709046,0.0,1619393.7017320879,24.0,0.0,0.0,0.0,15.0,24.0,,2810424.396410776,749642.074460659,0.0 
 08/21  07:45:00,26.644250000000004,2.6493,24.000001284254208,26.97763786536329,0.0,1777116.5503842654,24.000000000000005,0.0,0.0,0.0,15.0,24.0,,3037462.363240924,810994.1683513759,0.0 
 08/21  08:00:00,26.946000000000006,2.6493,24.000025631341076,28.466160742695516,0.0,1935551.4987311166,24.000000000000005,0.0,0.0,0.0,15.0,24.0,0.0,3227787.230419151,864928.8964384586,0.0 
 08/21  08:15:00,27.283250000000004,1.22583,24.00000109923771,29.777486239972654,0.0,1963629.1648629527,24.0,0.0,0.0,0.0,15.0,24.0,,3223084.4800644929,871377.6328207089,0.0 
 08/21  08:30:00,27.620500000000005,1.22583,24.000015331053257,31.451292249376814,0.0,2110014.9260101176,24.0,0.0,0.0,0.0,15.0,24.0,,3387062.214896199,919913.5971529447,0.0 
 08/21  08:45:00,27.957750000000006,1.22583,24.000022390485698,32.99490220784307,0.0,2259629.0353081438,24.0,0.0,0.0,0.0,15.0,24.0,,3550103.9016129875,968485.0646718921,0.0 
 08/21  09:00:00,28.295,1.22583,24.00001861588074,34.53745735805642,0.0,2407686.297802893,24.0,0.0,0.0,0.0,15.0,24.0,0.0,3712345.652307529,1016822.4891900185,0.0 
 08/21  09:15:00,28.596750000000005,0.72567,24.0000167574288,36.068482360066997,0.0,2495033.027060816,24.0,0.0,0.0,0.0,15.0,24.0,,3785100.1587606675,1042650.456322052,0.0 
 08/21  09:30:00,28.898500000000003,0.72567,24.000015291051409,37.56996506210617,0.0,2626727.092892246,24.0,0.0,0.0,0.0,15.0,24.0,,3928440.354729594,1085640.4933393279,0.0 
 08/21  09:45:00,29.200250000000005,0.72567,24.000000834518955,38.87776368976879,0.0,2753464.150587335,24.000000000000005,0.0,0.0,0.0,15.0,24.0,,4086552.6059718534,1131470.7174490495,0.0 
 08/21  10:00:00,29.502000000000004,0.72567,24.00001466158141,40.44182841837376,0.0,2874743.3584025006,24.000000000000005,0.0,0.0,0.0,15.0,24.0,0.0,4217458.736623524,1171513.8871225538,0.0 
 08/21  10:15:00,29.768250000000003,0.72567,24.000020364772899,41.79857328155745,0.0,2985242.7271281008,24.000000000000005,0.0,0.0,0.0,15.0,24.0,,4331070.377343768,1206738.3531372383,0.0 
 08/21  10:30:00,30.0345,0.72567,24.000016010190146,43.08754143778251,0.0,3086748.6645709949,24.000000000000005,0.0,0.0,0.0,15.0,24.0,,4435576.994267653,1239694.6252595927,0.0 
 08/21  10:45:00,30.300750000000006,0.72567,24.000013886618278,44.30274087486873,0.0,3179566.590741475,24.000000000000005,0.0,0.0,0.0,15.0,24.0,,4531412.872927039,1270513.1136323543,0.0 
 08/21  11:00:00,30.567000000000005,0.72567,24.00000070670557,45.332524107880789,0.0,3265639.260354991,24.0,0.0,0.0,0.0,15.0,24.0,0.0,4633223.047485564,1302354.6845664045,0.0 
 08/21  11:15:00,30.744500000000003,0.72567,24.000012215345966,46.48397973834362,0.0,3328597.918103145,24.0,0.0,0.0,0.0,15.0,24.0,,4695180.842494065,1322705.748361925,0.0 
 08/21  11:30:00,30.922000000000005,0.72567,24.000016329650813,47.43695200463785,0.0,3383254.634193028,24.0,0.0,0.0,0.0,15.0,24.0,,4745986.36801143,1340368.3032592724,0.0 
 08/21  11:45:00,31.099500000000004,0.72567,24.000784090755585,48.19391571421987,0.0,3430779.7137584865,24.0,0.0,0.0,0.0,15.0,24.0,,4799039.089001443,1358193.6838173997,0.0 
 08/21  12:00:00,31.277000000000006,0.72567,24.00079587802458,49.04621032991268,0.0,3477262.0614385718,24.0,0.0,0.0,0.0,15.0,24.0,0.0,4846343.307918633,1374838.5215204284,0.0 
 08/21  12:15:00,31.419000000000005,0.72567,24.000786463207434,49.69980538784485,0.0,3518639.9391999419,24.0,0.0,0.0,0.0,15.0,24.0,,4886317.141362453,1388845.6990432684,0.0 
 08/21  12:30:00,31.561000000000005,0.72567,24.00099154767366,50.154726543529438,0.0,3567221.4176357125,24.0,0.0,0.0,0.0,15.0,24.0,,4944433.77226762,1407049.9279096209,0.0 
 08/21  12:45:00,31.703000000000004,0.72567,24.00098294373369,50.72266156540144,0.0,3631969.81136249,24.0,0.0,0.0,0.0,15.0,24.0,,5022278.8682165029,1430227.443770092,0.0 
 08/21  13:00:00,31.845000000000004,0.72567,24.000950737045075,51.05368549690633,0.0,3711855.434925108,24.0,0.0,0.0,0.0,15.0,24.0,0.0,5116019.5538536929,1457496.9055744375,0.0 
 08/21  13:15:00,31.933750000000005,0.72567,24.001253785852965,51.305717029729,0.0,3794570.562610865,24.0,0.0,0.0,0.0,15.0,24.0,,5215561.258311906,1484677.3364408643,0.0 
 08/21  13:30:00,32.0225,0.72567,24.00121833179136,51.475647015875278,0.0,3883598.983710812,24.0,0.0,0.0,0.0,15.0,24.0,,5324064.441469197,1514004.578089161,0.0 
 08/21  13:45:00,32.111250000000008,0.72567,24.001132411632157,51.54588270164625,0.0,3976611.9844817274,24.0,0.0,0.0,0.0,15.0,24.0,,5433173.655582715,1543597.620121611,0.0 
 08/21  14:00:00,32.2,0.72567,24.00103530959949,51.528348847041389,0.0,4072104.168282587,24.0,0.0,0.0,0.0,15.0,24.0,0.0,5544234.2235860549,1573665.5805087658,0.0 
 08/21  14:15:00,32.2,0.72567,24.000945791533984,51.41331981536696,0.0,4158592.436810782,24.0,0.0,0.0,0.0,15.0,24.0,,5644081.039668926,1598351.5975813929,0.0 
 08/21  14:30:00,32.2,0.72567,24.000861390649506,51.195958971739838,0.0,4239705.080722364,24.0,0.0,0.0,0.0,15.0,24.0,,5735637.534177018,1620973.8124624533,0.0 
 08/21  14:45:00,32.2,0.72567,24.000530656412719,50.913245213518099,0.0,4316800.781185269,24.0,0.0,0.0,0.0,15.0,24.0,,5820016.796558044,1641849.4524993995,0.0 
 08/21  15:00:00,32.2,0.72567,24.000500307270874,50.47775750291089,0.0,4388530.500167798,24.0,0.0,0.0,0.0,15.0,24.0,0.0,5900843.423835713,1661684.0726158424,0.0 
 08/21  15:15:00,32.093500000000009,0.72567,24.000468193922218,49.976852888381959,0.0,4458526.12798324,24.0,0.0,0.0,0.0,15.0,24.0,,5977005.48729673,1677152.5400263165,0.0 
 08/21  15:30:00,31.987000000000003,0.72567,24.00029481929129,49.415711122335419,0.0,4505073.488147852,24.0,0.0,0.0,0.0,15.0,24.0,,6027353.469562764,1686209.20187561,0.0 
 08/21  15:45:00,31.8805,0.72567,24.00029147912355,48.65739827954444,0.0,4538186.310406626,24.0,0.0,0.0,0.0,15.0,24.0,,6059441.705068075,1690909.0740606813,0.0 
 08/21  16:00:00,31.774000000000006,0.72567,24.00028974850383,47.858506764578908,0.0,4559245.638235726,24.0,0.0,0.0,0.0,15.0,24.0,0.0,6074962.305101621,1691689.0469521483,0.0 
 08/21  16:15:00,31.632,0.8849400000000001,24.00024242181612,46.97056530924612,0.0,4635021.628569853,24.0,0.0,0.0,0.0,15.0,24.0,,6167914.120156911,1709383.0168120412,0.0 
 08/21  16:30:00,31.490000000000003,0.8849400000000001,24.000182040589374,46.0797536739056,0.0,4647674.563321017,24.0,0.0,0.0,0.0,15.0,24.0,,6182690.168112848,1708493.7907372853,0.0 
 08/21  16:45:00,31.348000000000004,0.8849400000000001,24.00019358848254,44.9582619944651,0.0,4636898.528264689,24.0,0.0,0.0,0.0,15.0,24.0,,6165911.91372816,1700262.0948961878,0.0 
 08/21  17:00:00,31.206000000000004,0.8849400000000001,24.00021137010984,43.838840277004269,0.0,4608758.482081734,24.0,0.0,0.0,0.0,15.0,24.0,0.0,6127527.937130613,1686985.0771029969,0.0 
 08/21  17:15:00,31.0285,1.6593,24.000174941371424,42.656470828744598,0.0,4673656.436657421,24.0,0.0,0.0,0.0,15.0,24.0,,6219566.886851469,1702712.434148089,0.0 
 08/21  17:30:00,30.851000000000004,1.6593,24.000165358610958,41.52682847429191,0.0,4634237.137275113,24.000000000000005,0.0,0.0,0.0,15.0,24.0,,6177478.633962312,1687208.735586064,0.0 
 08/21  17:45:00,30.673500000000005,1.6593,24.000190055101198,40.135503253833167,0.0,4564529.058339177,24.000000000000005,0.0,0.0,0.0,15.0,24.0,,6098294.130458033,1663104.55354134,0.0 
 08/21  18:00:00,30.496000000000003,1.6593,24.00022675996463,38.81468316929526,0.0,4468821.277982656,24.000000000000005,0.0,0.0,0.0,15.0,24.0,0.0,5985761.296106656,1631329.5975219366,0.0 
 08/21  18:15:00,30.229750000000004,2.69079,24.000238304073215,37.471793418593438,0.0,4435880.223237017,24.000000000000005,0.0,0.0,0.0,15.0,24.0,,5962093.364785222,1617391.5769861479,0.0 
 08/21  18:30:00,29.963500000000005,2.69079,24.000298408310809,36.1351799365465,0.0,4269490.712164927,24.000000000000005,0.0,0.0,0.0,15.0,24.0,,5763479.513947192,1563147.2470130125,0.0 
 08/21  18:45:00,29.697250000000005,2.69079,24.00037545217405,34.7180197968558,0.0,4040088.123108893,24.000000000000005,0.0,0.0,0.0,15.0,24.0,,5483598.822303773,1490014.7508777567,0.0 
 08/21  19:00:00,29.431000000000006,2.69079,24.00046250941179,33.33502296828164,0.0,3747912.1973782407,24.000000000000005,0.0,0.0,0.0,15.0,24.0,0.0,5123458.012043366,1397756.025797071,0.0 
 08/21  19:15:00,29.235750000000004,2.69079,24.000523995571205,32.07357264672482,0.0,3513117.83803396,24.000000000000005,0.0,0.0,0.0,15.0,24.0,,4840926.448384712,1325039.7550321182,0.0 
 08/21  19:30:00,29.0405,2.69079,24.000007106115818,31.102753170599454,0.0,3348915.3887434925,24.0,0.0,0.0,0.0,15.0,24.0,,4637570.384852357,1271397.6778147978,0.0 
 08/21  19:45:00,28.845250000000005,2.69079,23.999983065793339,30.043425238753345,0.0,3202926.3009595659,24.0,0.0,0.0,0.0,15.0,24.0,,4470315.258692934,1225844.709340337,0.0 
 08/21  20:00:00,28.650000000000003,2.69079,24.0000006097254,29.40833883493505,0.0,3063541.482641062,24.0,0.0,0.0,0.0,15.0,24.0,0.0,4297127.319827281,1179349.4261284956,0.0 
 08/21  20:15:00,28.490250000000004,2.69079,23.999975204599786,28.646793200403324,0.0,2933573.781611829,24.0,0.0,0.0,0.0,15.0,24.0,,4145471.9254923055,1138387.1169841362,0.0 
 08/21  20:30:00,28.330500000000006,2.69079,24.00000066045967,28.250588579741686,0.0,2804176.8914518274,24.0,0.0,0.0,0.0,15.0,24.0,,3981620.5327688136,1094864.4082564249,0.0 
 08/21  20:45:00,28.17075,2.69079,23.99995225891231,27.659149130776787,0.0,2678920.996714357,24.0,0.0,0.0,0.0,15.0,24.0,,3829622.3225805077,1053862.2107967628,0.0 
 08/21  21:00:00,28.011000000000004,2.69079,23.999927751361456,27.29597924904566,0.0,2559752.7756335299,24.0,0.0,0.0,0.0,15.0,24.0,0.0,3691955.732291164,1016044.7643964011,0.0 
 08/21  21:15:00,27.851250000000005,3.0,23.999938271459336,26.959753465252189,0.0,2428711.171319576,24.0,0.0,0.0,0.0,15.0,24.0,,3532868.8600199886,973049.6572272026,0.0 
 08/21  21:30:00,27.691500000000006,3.0,23.99994036312341,26.657689315288214,0.0,2308153.798746803,24.0,0.0,0.0,0.0,15.0,24.0,,3386766.758562951,933191.2803157838,0.0 
 08/21  21:45:00,27.531750000000004,3.0,24.000002949669086,26.386697662410467,0.0,2198851.9879549287,24.0,0.0,0.0,0.0,15.0,24.0,,3251539.737416278,896139.7225224848,0.0 
 08/21  22:00:00,27.372000000000005,3.0,24.00000375760098,26.13931224099053,0.0,2097642.2523780099,24.0,0.0,0.0,0.0,15.0,24.0,0.0,3122666.475109704,860791.4795681551,0.0 
 08/21  22:15:00,27.247750000000005,2.69079,24.00000413809121,25.917382851749808,0.0,1920863.4118585874,24.0,0.0,0.0,0.0,15.0,24.0,,2883423.355305071,798192.7790839252,0.0 
 08/21  22:30:00,27.123500000000005,2.69079,24.000004358511658,25.71654753915736,0.0,1816062.2309099036,24.0,0.0,0.0,0.0,15.0,24.0,,2749035.106186614,761641.1471902585,0.0 
 08/21  22:45:00,26.999250000000005,2.69079,24.000004536220108,25.531337668703509,0.0,1726334.9199530655,24.0,0.0,0.0,0.0,15.0,24.0,,2635838.02704332,730377.0827554362,0.0 
 08/21  23:00:00,26.875000000000005,2.69079,24.000004749440163,25.35803143217983,0.0,1645290.931657581,24.0,0.0,0.0,0.0,15.0,24.0,0.0,2534057.1372124569,701997.4826121022,0.0 
 08/21  23:15:00,26.750750000000005,3.0,24.000004918697518,25.194245129645507,0.0,1538100.7663999743,24.0,0.0,0.0,0.0,15.0,24.0,,2389556.0725117234,662756.0822978452,0.0 
 08/21  23:30:00,26.626500000000005,3.0,24.000004984974109,25.0381408907505,0.0,1454664.9717683544,24.0,0.0,0.0,0.0,15.0,24.0,,2280331.332368484,632441.2409268459,0.0 
 08/21  23:45:00,26.502250000000005,3.0,24.000005081652014,24.888198536944488,0.0,1382325.4031381906,24.0,0.0,0.0,0.0,15.0,24.0,,2186965.243813043,606180.1085419833,0.0 
 08/21  24:00:00,26.378000000000005,3.0,24.000005164232566,24.74322280619289,0.0,1316257.1951134264,24.0,0.0,0.0,0.0,15.0,24.0,0.0,2101568.4366162538,582002.4409145971,0.0 
 08/01  00:15:00,25.85,3.0,24.999890775711479,23.343516590888347,0.0,826275.5476963411,25.0,0.0,0.0,0.0,15.0,25.0,,1389272.7577728758,381533.8646166973,0.0 
 08/01  00:30:00,25.6,3.0,25.00000086310307,23.16288392025595,0.0,595317.7624373545,25.0,0.0,0.0,0.0,15.0,25.0,,1032763.2246661997,284122.5298120061,0.0 
 08/01  00:45:00,25.35,3.0,23.992486337202725,22.977352269245065,0.0,1563221.6558367855,24.0,0.0,0.0,0.0,15.0,24.0,,3012703.0372851539,707938.775626626,0.0 
 08/01  01:00:00,25.1,3.0,24.734930049435098,22.759063275341214,0.0,0.0,25.0,0.0,0.0,0.0,15.0,25.0,0.0,0.0,0.0,0.0 
 08/01  01:15:00,25.050000000000006,2.69079,24.009876633713167,22.493655509478964,0.0,1124056.885197728,24.0,0.0,0.0,0.0,15.0,24.0,,2152117.838142832,533895.780852339,0.0 
 08/01  01:30:00,25.0,2.69079,24.000197842861199,22.21960500116984,0.0,935788.806336453,24.0,0.0,0.0,0.0,15.0,24.0,,1741170.286613232,462150.632761886,0.0 
 08/01  01:45:00,24.949999999999997,2.69079,24.5488286333414,21.903495013624249,0.0,0.0,26.0,0.0,0.0,0.0,15.0,26.0,,0.0,0.0,0.0 
 08/01  02:00:00,24.9,2.69079,24.015501677112569,21.577984214200354,0.0,878919.4181354396,24.0,0.0,0.0,0.0,15.0,24.0,0.0,1700940.7666585758,438216.5961086893,0.0 
 08/01  02:15:00,24.824999999999997,3.0,24.522522447638037,21.03645957239196,0.0,0.0,25.0,0.0,0.0,0.0,15.0,25.0,,0.0,0.0,0.0 
 08/01  02:30:00,24.75,3.0,23.951741648507779,20.672595229524384,0.0,1179243.7663256769,24.0,0.0,0.0,0.0,15.0,24.0,,2345975.8098869526,562762.6011588154,0.0 
 08/01  02:45:00,24.675000000000006,3.0,23.99957373509674,20.35044875569185,0.0,743778.8311219105,24.0,0.0,0.0,0.0,15.0,24.0,,1462762.1231732935,384712.8457802811,0.0 
 08/01  03:00:00,24.6,3.0,24.3810252635133,20.04282892428897,0.0,0.0,25.0,0.0,0.0,0.0,15.0,25.0,0.0,0.0,0.0,0.0 
 08/01  03:15:00,24.550000000000006,2.69079,24.857570011869624,19.760231240508888,0.0,0.0,25.0,0.0,0.0,0.0,15.0,25.0,,0.0,0.0,0.0 
 08/01  03:30:00,24.5,2.69079,23.929971212234059,19.563109111805795,0.0,882648.6835389971,24.0,0.0,0.0,0.0,15.0,24.0,,1899952.1172357558,436305.45055223969,0.0 
 08/01  03:45:00,24.449999999999997,2.69079,23.88365851320245,19.30302252615837,0.0,0.0,24.0,0.0,0.0,0.0,15.0,24.0,,0.0,0.0,0.0 
 08/01  04:00:00,24.4,2.69079,24.318335179745526,19.10636312769595,0.0,0.0,25.0,0.0,0.0,0.0,15.0,25.0,0.0,0.0,0.0,0.0 
 08/01  04:15:00,24.4,3.0,24.7619168427387,18.829989006881016,0.0,0.0,25.0,0.0,0.0,0.0,15.0,25.0,,0.0,0.0,0.0 
 08/01  04:30:00,24.4,3.0,24.994305236978027,18.63814544825826,0.0,0.0,26.0,0.0,0.0,0.0,15.0,26.0,,0.0,0.0,0.0 
 08/01  04:45:00,24.4,3.0,23.894981993361534,18.54712475534716,0.0,1045115.5677447658,24.0,0.0,0.0,0.0,15.0,24.0,,2422056.2190391358,529061.034861376,0.0 
 08/01  05:00:00,24.4,3.0,23.771785502834886,18.429536630384474,0.0,0.0,25.0,0.0,0.0,0.0,15.0,25.0,0.0,0.0,0.0,0.0 
 08/01  05:15:00,24.275,2.69079,23.995000127414668,18.292180721418597,0.0,353517.0753847549,24.0,0.0,0.0,0.0,15.0,24.0,,740053.1448714838,196948.55201944576,0.0 
 08/01  05:30:00,24.15,2.69079,24.249682166157613,18.209167040525935,0.0,0.0,25.0,0.0,0.0,0.0,15.0,25.0,,0.0,0.0,0.0 
 08/01  05:45:00,24.025,2.69079,24.019583124773449,18.085987879629749,0.0,660426.9937124066,24.0,0.0,0.0,0.0,15.0,24.0,,1458053.3269973915,372708.27188524036,0.0 
 08/01  06:00:00,23.9,2.69079,24.19762830873215,18.053980003815135,0.0,0.0,25.0,0.0,0.0,0.0,15.0,25.0,0.0,0.0,0.0,0.0 
 08/01  06:15:00,24.174999999999998,3.0,24.012709555974415,18.34896997694406,0.0,947290.5847498125,24.0,0.0,0.0,0.0,15.0,24.0,,2095936.1843092314,526261.4187032641,0.0 
 08/01  06:30:00,24.45,3.0,24.000110639922956,18.881014153251635,0.0,774527.6222125286,24.0,0.0,0.0,0.0,15.0,24.0,,1676772.0667720186,430458.72043556676,0.0 
 08/01  06:45:00,24.725,3.0,24.000002457171115,19.653908565043609,0.0,878033.0538064087,24.0,0.0,0.0,0.0,15.0,24.0,,1881062.6464595949,483638.8594664437,0.0 
 08/01  07:00:00,25.0,3.0,24.62447740026435,20.918198479376249,0.0,11771.989732768787,25.0,0.0,0.0,0.0,15.0,25.0,0.0,24268.106546736657,6576.866141421453,0.0 
 08/01  07:15:00,25.825,2.6493,24.92326418456389,22.456778697966564,0.0,331480.19500795929,24.999999999999998,0.0,0.0,0.0,15.0,25.0,,690337.9430040774,182278.18736318948,0.0 
 08/01  07:30:00,26.65,2.6493,24.082828842773023,24.485192316891199,0.0,1726806.1842733636,24.000000000000005,0.0,0.0,0.0,15.0,24.0,,3686107.401115403,893385.8090540306,0.0 
 08/01  07:45:00,27.475,2.6493,24.84498768206445,26.949202402727296,0.0,607328.2487834616,25.0,0.0,0.0,0.0,15.0,25.0,,1224470.3842610308,327477.20752328928,0.0 
 08/01  08:00:00,28.3,2.6493,24.99177937236555,29.72908884437704,0.0,1025914.4691991303,25.00000000000005,0.0,0.0,0.0,15.0,25.0,0.0,2055788.1059412223,555589.0207974231,0.0 
 08/01  08:15:00,28.725,1.22583,24.12637704451256,32.61222283319302,0.0,2428602.3321041928,24.0,0.0,0.0,0.0,15.0,24.0,,4901618.197202197,1239950.331086331,0.0 
 08/01  08:30:00,29.15,1.22583,24.000205927233777,36.32888242601636,0.0,2335390.951607891,24.0,0.0,0.0,0.0,15.0,24.0,,4405219.4752124729,1167452.6574434594,0.0 
 08/01  08:45:00,29.575,1.22583,24.000000698407189,38.64374250805076,0.0,2420262.9991346627,24.000000000000047,0.0,0.0,0.0,15.0,24.0,,4420369.21483405,1186188.6822903536,0.0 
 08/01  09:00:00,30.0,1.22583,24.00001158022036,42.12036130761029,0.0,2549257.8445342925,24.000000000000058,0.0,0.0,0.0,15.0,24.0,0.0,4435226.64925168,1207785.7368825274,0.0 
 08/01  09:15:00,30.425,0.72567,24.000000340583524,44.37891725883954,0.0,2643753.7483903567,24.0,0.0,0.0,0.0,15.0,24.0,,4490729.009498075,1235003.489417821,0.0 
 08/01  09:30:00,30.85,0.72567,24.00001195736023,47.40356131727026,0.0,2795002.727245216,24.0,0.0,0.0,0.0,15.0,24.0,,4572339.293968048,1271180.3734381137,0.0 
 08/01  09:45:00,31.275,0.72567,24.0000003014698,49.58773651393133,0.0,2941427.7303660025,23.99999999999998,0.0,0.0,0.0,15.0,24.0,,4716097.605662899,1319848.1140639506,0.0 
 08/01  10:00:00,31.7,0.72567,24.000013819198448,52.12553617329462,0.0,3083045.145134495,23.999999999999969,0.0,0.0,0.0,15.0,24.0,0.0,4789757.9894670839,1353931.8289573014,0.0 
 08/01  10:15:00,31.974999999999999,0.72567,24.00033019541528,53.95697213394279,0.0,3220283.2906857419,24.0,0.0,0.0,0.0,15.0,24.0,,4931270.129607571,1398148.1470558106,0.0 
 08/01  10:30:00,32.25,0.72567,23.475553646325424,55.56538269672937,0.0,4343870.7292247139,22.999999999999998,0.0,0.0,0.0,15.0,23.0,,6715290.551263123,1835031.2801207049,0.0 
 08/01  10:45:00,32.525,0.72567,24.012042600698078,56.70596655528789,0.0,3197578.8286975708,24.000000000000005,0.0,0.0,0.0,15.0,24.0,,4777830.664799163,1359117.5279056254,0.0 
 08/01  11:00:00,32.8,0.72567,24.00091169930839,57.34958936928413,0.0,3476057.6053013924,24.0,0.0,0.0,0.0,15.0,24.0,0.0,5199602.717357645,1489798.9768319037,0.0 
 08/01  11:15:00,32.925,0.72567,23.609197557629558,57.83983290591304,0.0,4358951.335566841,23.0,0.0,0.0,0.0,15.0,23.0,,6674035.418605216,1848021.1088832573,0.0 
 08/01  11:30:00,33.05,0.72567,23.992531629306517,58.45410742292852,0.0,3556961.396944025,24.0,0.0,0.0,0.0,15.0,24.0,,5237528.022024874,1505628.9545179613,0.0 
 08/01  11:45:00,33.175,0.72567,24.000360125415015,59.226394185742787,0.0,3709942.133759128,24.0,0.0,0.0,0.0,15.0,24.0,,5458076.157291283,1567666.3481172515,0.0 
 08/01  12:00:00,33.3,0.72567,24.00053007791847,60.08190860528273,0.0,3812415.494560133,24.0,0.0,0.0,0.0,15.0,24.0,0.0,5570487.632454199,1600216.402019111,0.0 
 08/01  12:15:00,33.574999999999999,0.72567,23.71713212368884,60.87181623820781,0.0,4471284.702340469,23.0,0.0,0.0,0.0,15.0,23.0,,6586762.1734951869,1855951.081626147,0.0 
 08/01  12:30:00,33.849999999999997,0.72567,23.98670543184915,61.339396471854829,0.0,3913331.4682478236,24.0,0.0,0.0,0.0,15.0,24.0,,5607262.8656806829,1628585.5705033343,0.0 
 08/01  12:45:00,34.125,0.72567,23.78393684354305,61.743916983863147,0.0,4493722.83512402,23.0,0.0,0.0,0.0,15.0,23.0,,6543236.268438034,1865555.843949941,0.0 
 08/01  13:00:00,34.4,0.72567,23.961453397791098,61.7553561992843,0.0,3922639.704585176,24.0,0.0,0.0,0.0,15.0,24.0,0.0,5535184.538672907,1631346.9089833024,0.0 
 08/01  13:15:00,34.55,0.72567,23.929487824730573,61.654724303154889,0.0,4560491.571259539,23.0,0.0,0.0,0.0,15.0,23.0,,6504029.677442975,1872410.5415723869,0.0 
 08/01  13:30:00,34.7,0.72567,23.989874926036888,61.67341440451952,0.0,4310824.574057379,24.0,0.0,0.0,0.0,15.0,24.0,,6084663.824765637,1776952.4082157324,0.0 
 08/01  13:45:00,34.85,0.72567,23.983396833549276,61.823269233168748,0.0,4586514.4847431569,23.0,0.0,0.0,0.0,15.0,23.0,,6477103.799889432,1877313.6744478387,0.0 
 08/01  14:00:00,35.0,0.72567,23.998937891945546,62.04152602667926,0.0,4596701.014377908,24.0,0.0,0.0,0.0,15.0,24.0,0.0,6463002.327812716,1879695.8528335076,0.0 
 08/01  14:15:00,35.0,0.72567,24.05802253480091,62.15522631008058,0.0,4626005.212636781,24.0,0.0,0.0,0.0,15.0,24.0,,6460217.297944819,1879407.597775261,0.0 
 08/01  14:30:00,35.0,0.72567,24.13678818734512,62.06757568533967,0.0,4652509.184027875,23.0,0.0,0.0,0.0,15.0,23.0,,6461744.282806813,1879565.6680579638,0.0 
 08/01  14:45:00,35.0,0.72567,24.19550010725556,61.690949431581959,0.0,4658119.721318234,24.0,0.0,0.0,0.0,15.0,24.0,,6468708.61462719,1880285.7934833074,0.0 
 08/01  15:00:00,35.0,0.72567,24.268147631028087,60.96346782867429,0.0,4666851.990293546,24.0,0.0,0.0,0.0,15.0,24.0,0.0,6476675.690088192,1881107.9615882487,0.0 
 08/01  15:15:00,35.15,0.72567,24.35871371817763,59.979970979088459,0.0,4673760.129772927,24.0,0.0,0.0,0.0,15.0,24.0,,6475939.912860451,1884878.7441342828,0.0 
 08/01  15:30:00,35.3,0.72567,24.44837159282727,58.84137141883216,0.0,4677714.984736573,24.000000000000005,0.0,0.0,0.0,15.0,24.0,,6476356.383687406,1888777.1705096763,0.0 
 08/01  15:45:00,35.45,0.72567,24.57171337623104,57.60802877902401,0.0,4681597.17035504,23.000000000000005,0.0,0.0,0.0,15.0,23.0,,6482559.464133579,1893284.3294953295,0.0 
 08/01  16:00:00,35.6,0.72567,24.653430995367889,56.67942177426433,0.0,4684707.074064447,23.0,0.0,0.0,0.0,15.0,23.0,0.0,6482112.463063913,1897112.6006413205,0.0 
 08/01  16:15:00,35.300000000000007,0.8849400000000001,24.796474866002695,55.46930677458079,0.0,4705898.094544977,24.0,0.0,0.0,0.0,15.0,24.0,,6522757.078183429,1893552.7928197608,0.0 
 08/01  16:30:00,35.0,0.8849400000000001,24.887888660247549,54.24960079054621,0.0,4712183.993928141,24.000000000000005,0.0,0.0,0.0,15.0,24.0,,6561420.908572569,1889745.1848794679,0.0 
 08/01  16:45:00,34.699999999999999,0.8849400000000001,24.987006682438058,52.78466847235199,0.0,4722716.89691042,24.0,0.0,0.0,0.0,15.0,24.0,,6600038.337210056,1885889.1789026829,0.0 
 08/01  17:00:00,34.4,0.8849400000000001,25.107398909560176,51.03933654016731,0.0,4722406.267078821,24.0,0.0,0.0,0.0,15.0,24.0,0.0,6648247.412398814,1882923.8127212106,0.0 
 08/01  17:15:00,34.0,1.6593,25.202719878407494,49.50593834721954,0.0,4721886.667874238,22.999999999999998,0.0,0.0,0.0,15.0,23.0,,6700870.300018473,1877748.682508524,0.0 
 08/01  17:30:00,33.599999999999997,1.6593,25.222208529398505,48.18891818086786,0.0,4726545.129148606,24.000000000000005,0.0,0.0,0.0,15.0,24.0,,6736831.651403904,1870947.7306222972,0.0 
 08/01  17:45:00,33.199999999999999,1.6593,25.211892296410615,46.66670558746351,0.0,4727094.623493598,23.000000000000005,0.0,0.0,0.0,15.0,23.0,,6769256.438462238,1863811.5952309236,0.0 
 08/01  18:00:00,32.8,1.6593,25.143946896560388,45.23634125434558,0.0,4723943.6537799159,24.000000000000005,0.0,0.0,0.0,15.0,24.0,0.0,6792296.0319094569,1855831.514982854,0.0 
 08/01  18:15:00,32.599999999999997,2.69079,25.10552864806074,43.76215345175228,0.0,4725579.837151841,23.000000000000005,0.0,0.0,0.0,15.0,23.0,,6801532.413199723,1851648.2509699679,0.0 
 08/01  18:30:00,32.4,2.69079,25.048371170370495,42.44317596426864,0.0,4708201.4597657709,24.0,0.0,0.0,0.0,15.0,24.0,,6816615.529023818,1847997.395694225,0.0 
 08/01  18:45:00,32.2,2.69079,24.938085548365487,40.7065563254859,0.0,4666770.6544618499,24.0,0.0,0.0,0.0,15.0,24.0,,6833414.972191317,1844501.7743018682,0.0 
 08/01  19:00:00,32.0,2.69079,24.792162707679947,39.146652577548277,0.0,4614438.738777809,24.0,0.0,0.0,0.0,15.0,24.0,0.0,6848671.777722313,1840872.1227547029,0.0 
 08/01  19:15:00,31.75,2.69079,24.6220339590717,37.8709199402838,0.0,4578007.091005813,24.000000000000005,0.0,0.0,0.0,15.0,24.0,,6855521.114046797,1835275.8549287399,0.0 
 08/01  19:30:00,31.5,2.69079,24.387617544416107,36.43264018673453,0.0,4544685.4197606979,24.0,0.0,0.0,0.0,15.0,24.0,,6848440.106444582,1828488.6760442963,0.0 
 08/01  19:45:00,31.25,2.69079,24.161714931959219,35.18532185482589,0.0,4523089.424853929,24.000000000000005,0.0,0.0,0.0,15.0,24.0,,6837561.448025221,1821398.156546883,0.0 
 08/01  20:00:00,31.0,2.69079,24.00211752044334,33.924246870771067,0.0,4225479.5218430389,24.000000000000005,0.0,0.0,0.0,15.0,24.0,0.0,6323623.596004389,1703300.779810965,0.0 
 08/01  20:15:00,30.6,2.69079,24.000392694455259,33.156875194240729,0.0,3913806.0677497617,24.0,0.0,0.0,0.0,15.0,24.0,,5826171.6817227159,1578317.2211845252,0.0 
 08/01  20:30:00,30.2,2.69079,24.00061961741081,32.38885752338932,0.0,3626212.4587737706,24.0,0.0,0.0,0.0,15.0,24.0,,5397077.52311916,1467700.756751321,0.0 
 08/01  20:45:00,29.799999999999998,2.69079,24.000760601371689,31.463769322277544,0.0,3383606.102073944,24.0,0.0,0.0,0.0,15.0,24.0,,5031664.795898648,1371857.6450000846,0.0 
 08/01  21:00:00,29.4,2.69079,24.000016729024254,30.732995523323266,0.0,3171503.0741428385,24.0,0.0,0.0,0.0,15.0,24.0,0.0,4724961.745961507,1289374.294508072,0.0 
 08/01  21:15:00,28.849999999999999,3.0,23.999979669006448,29.997705638215228,0.0,2952083.9060206126,24.0,0.0,0.0,0.0,15.0,24.0,,4422148.003016812,1204066.0336381638,0.0 
 08/01  21:30:00,28.299999999999998,3.0,24.882591953840316,29.389281070375753,0.0,1359974.598319713,25.0,0.0,0.0,0.0,15.0,25.0,,1998325.378340363,559885.2635109639,0.0 
 08/01  21:45:00,27.75,3.0,24.02704146765258,28.743783335242449,0.0,2825465.684625752,24.0,0.0,0.0,0.0,15.0,24.0,,4427467.180863964,1153341.3388042446,0.0 
 08/01  22:00:00,27.2,3.0,24.000459181053587,27.91742580659806,0.0,2574751.571835906,24.0,0.0,0.0,0.0,15.0,24.0,0.0,4000096.145668157,1064325.3978095502,0.0 
 08/01  22:15:00,26.924999999999998,2.69079,23.99997927446269,27.278497608461576,0.0,2261489.585147181,24.0,0.0,0.0,0.0,15.0,24.0,,3543083.2490382206,949748.1116875294,0.0 
 08/01  22:30:00,26.65,2.69079,24.845369790883525,26.74317053110598,0.0,772912.9858982556,25.0,0.0,0.0,0.0,15.0,25.0,,1193421.4308686055,322108.2934869903,0.0 
 08/01  22:45:00,26.375000000000005,2.69079,24.022687646812615,26.147457570669844,0.0,2127990.7111748058,24.0,0.0,0.0,0.0,15.0,24.0,,3480433.488897603,894967.6659495034,0.0 
 08/01  23:00:00,26.1,2.69079,24.00031434179099,25.34001215346316,0.0,1926519.2784606419,24.0,0.0,0.0,0.0,15.0,24.0,0.0,3099878.6773598438,826388.024061874,0.0 
 08/01  23:15:00,26.1,3.0,23.1258263868694,24.71649828070394,0.0,2971285.5712243586,23.0,0.0,0.0,0.0,15.0,23.0,,4997600.516163899,1254528.1105023525,0.0 
 08/01  23:30:00,26.1,3.0,24.428682747067368,24.298094685619199,0.0,134040.77589728809,25.0,0.0,0.0,0.0,15.0,25.0,,209122.8031722102,59712.04312236328,0.0 
 08/01  23:45:00,26.1,3.0,24.01112395561979,23.985202727552257,0.0,1288953.33441766,24.0,0.0,0.0,0.0,15.0,24.0,,2122342.634635058,581052.3381657263,0.0 
 08/01  24:00:00,26.1,3.0,24.731302409323726,23.583128654283145,0.0,81087.49740418795,25.0,0.0,0.0,0.0,15.0,25.0,0.0,129582.88363797617,37657.722569878155,0.0 
 08/02  00:15:00,25.825000000000004,3.0,24.01605506338457,23.429559645339997,0.0,1362451.113294165,24.0,0.0,0.0,0.0,15.0,24.0,,2398116.9525059487,614979.4701981294,0.0 
 08/02  00:30:00,25.55,3.0,24.000004795719329,23.19055193908462,0.0,684770.3747855034,24.0,0.0,0.0,0.0,15.0,24.0,,1192972.8560971088,331278.20169146746,0.0 
 08/02  00:45:00,25.275,3.0,24.00000331208651,22.930661850109,0.0,1202411.2120493227,24.0,0.0,0.0,0.0,15.0,24.0,,2084499.7059910189,558642.6860829017,0.0 
 08/02  01:00:00,25.0,3.0,23.99998452204901,22.504649827721665,0.0,1033932.2776920276,24.0,0.0,0.0,0.0,15.0,24.0,0.0,1803858.5582577582,485082.38373905527,0.0 
 08/02  01:15:00,25.0,2.69079,23.99997370257101,22.184669767954519,0.0,934165.589944623,24.0,0.0,0.0,0.0,15.0,24.0,,1642109.5268032649,443463.3760606516,0.0 
 08/02  01:30:00,25.0,2.69079,24.000005208688614,21.899622825456676,0.0,871657.3836141314,24.0,0.0,0.0,0.0,15.0,24.0,,1543880.390847343,417812.06195841569,0.0 
 08/02  01:45:00,25.0,2.69079,24.000005343662918,21.650142322896735,0.0,818200.2509756048,24.0,0.0,0.0,0.0,15.0,24.0,,1460019.6195224298,395757.0156375373,0.0 
 08/02  02:00:00,25.0,2.69079,24.000005289447534,21.46028356106615,0.0,771237.5101203411,24.0,0.0,0.0,0.0,15.0,24.0,0.0,1391120.6427862202,377270.979511394,0.0 
 08/02  02:15:00,25.0,3.0,24.000005289053328,21.342424609557854,0.0,749892.7732186553,24.0,0.0,0.0,0.0,15.0,24.0,,1368531.131987529,370657.89056371539,0.0 
 08/02  02:30:00,25.0,3.0,24.00000525922751,21.319104291398096,0.0,717052.529650041,24.0,0.0,0.0,0.0,15.0,24.0,,1324754.908622451,358554.1864488433,0.0 
 08/02  02:45:00,25.0,3.0,24.000005231831936,21.3997443064172,0.0,689464.1153746045,24.0,0.0,0.0,0.0,15.0,24.0,,1290684.8612856854,348910.8708516748,0.0 
 08/02  03:00:00,25.0,3.0,24.000005207441008,21.568915321409837,0.0,666228.8643218478,24.0,0.0,0.0,0.0,15.0,24.0,0.0,1265358.9517017464,341460.8467360855,0.0 
 08/02  03:15:00,24.725,2.69079,24.000005012746347,21.72619851553904,0.0,597929.763447331,24.0,0.0,0.0,0.0,15.0,24.0,,1154758.8665190757,310214.5457276271,0.0 
 08/02  03:30:00,24.45,2.69079,24.000004890146966,21.801870691325914,0.0,554114.7269607924,24.0,0.0,0.0,0.0,15.0,24.0,,1086280.0089273537,290158.8226705651,0.0 
 08/02  03:45:00,24.174999999999998,2.69079,24.000004794830859,21.78065995693141,0.0,517213.19304867458,24.0,0.0,0.0,0.0,15.0,24.0,,1025736.1644024395,272518.8938586054,0.0 
 08/02  04:00:00,23.9,2.69079,24.000004639653903,21.68193130527081,0.0,482094.63553806897,24.0,0.0,0.0,0.0,15.0,24.0,0.0,963538.0715004894,254818.24531748927,0.0 
 08/02  04:15:00,23.9,3.0,24.00000470241737,21.540730873021216,0.0,489447.16401611317,24.0,0.0,0.0,0.0,15.0,24.0,,982692.8648069061,259481.22162294787,0.0 
 08/02  04:30:00,23.9,3.0,24.000004641327274,21.365952074793737,0.0,470750.2878041758,24.0,0.0,0.0,0.0,15.0,24.0,,948720.6892873858,250625.50378820476,0.0 
 08/02  04:45:00,23.9,3.0,24.000004571391835,21.156615691937135,0.0,452240.8378641814,24.0,0.0,0.0,0.0,15.0,24.0,,915143.0706443961,241847.89916395886,0.0 
 08/02  05:00:00,23.9,3.0,24.000004499545434,20.91643538594768,0.0,434028.8009017028,24.0,0.0,0.0,0.0,15.0,24.0,0.0,882504.7990599221,233271.8523411675,0.0 
 08/02  05:15:00,23.9,2.69079,24.000004543212989,20.689231119718629,0.0,436021.7077266929,24.0,0.0,0.0,0.0,15.0,24.0,,890924.8145054312,235214.0686585873,0.0 
 08/02  05:30:00,23.9,2.69079,24.000004539406804,20.554857273237514,0.0,435325.8818259993,24.0,0.0,0.0,0.0,15.0,24.0,,894070.6464144986,235794.48400705509,0.0 
 08/02  05:45:00,23.9,2.69079,24.000004523409446,20.551442766611808,0.0,432117.0594102684,24.0,0.0,0.0,0.0,15.0,24.0,,892741.4191342627,235194.74410290115,0.0 
 08/02  06:00:00,23.9,2.69079,24.000005061663026,20.74559736109918,0.0,539756.9790779164,24.0,0.0,0.0,0.0,15.0,24.0,0.0,1122959.1586592245,293112.2159669873,0.0 
 08/02  06:15:00,24.025,3.0,24.000003330423277,21.125446420486328,0.0,699704.7518410725,24.0,0.0,0.0,0.0,15.0,24.0,,1460974.7302277853,377623.1437376916,0.0 
 08/02  06:30:00,24.15,3.0,24.000002435277414,21.67086739805669,0.0,814220.9058561365,24.0,0.0,0.0,0.0,15.0,24.0,,1689895.0540082218,435000.54565523299,0.0 
 08/02  06:45:00,24.275,3.0,24.000001923815704,22.553959294480426,0.0,942676.498670395,24.0,0.0,0.0,0.0,15.0,24.0,,1938217.4724746198,496923.4943500097,0.0 
 08/02  07:00:00,24.4,3.0,24.000001551122915,23.633390380251276,0.0,1071373.5451701997,24.000000000000005,0.0,0.0,0.0,15.0,24.0,0.0,2175477.9940761865,556086.9500939645,0.0 
 08/02  07:15:00,24.974999999999999,2.6493,24.000001279484367,25.234505937895784,0.0,1222794.2512985124,24.0,0.0,0.0,0.0,15.0,24.0,,2442067.352315404,627688.0332278009,0.0 
 08/02  07:30:00,25.549999999999998,2.6493,24.000000924076767,26.971443572961009,0.0,1420372.893234176,24.0,0.0,0.0,0.0,15.0,24.0,,2779562.298764492,717295.6009188515,0.0 
 08/02  07:45:00,26.125,2.6493,24.00000076795669,29.280611069404764,0.0,1596530.3731749138,23.99999999999998,0.0,0.0,0.0,15.0,24.0,,3056116.599459914,793566.4884884224,0.0 
 08/02  08:00:00,26.7,2.6493,24.000011742343774,31.885648950806158,0.0,1759853.5839468227,23.999999999999969,0.0,0.0,0.0,15.0,24.0,0.0,3241306.734373139,851499.0527608051,0.0 
 08/02  08:15:00,27.25,1.22583,24.00000066479575,34.25017414148383,0.0,1797480.5333095475,24.0,0.0,0.0,0.0,15.0,24.0,,3238276.67804077,862732.6995676766,0.0 
 08/02  08:30:00,27.799999999999998,1.22583,24.000000647975864,36.39247928649143,0.0,1961105.5099468628,24.000000000000015,0.0,0.0,0.0,15.0,24.0,,3461407.607347554,928485.3923249262,0.0 
 08/02  08:45:00,28.349999999999999,1.22583,24.000000529095116,39.00365579565819,0.0,2130622.31806761,24.000000000000008,0.0,0.0,0.0,15.0,24.0,,3679023.283878556,993957.4407304013,0.0 
 08/02  09:00:00,28.9,1.22583,24.000000514192494,41.25884782122429,0.0,2314152.6402279848,23.999999999999969,0.0,0.0,0.0,15.0,24.0,0.0,3910502.379857928,1063563.6269958933,0.0 
 08/02  09:15:00,29.324999999999997,0.72567,24.000013790678094,43.91938019810643,0.0,2440170.8172861088,23.999999999999994,0.0,0.0,0.0,15.0,24.0,,3983294.602445407,1095134.7581714316,0.0 
 08/02  09:30:00,29.75,0.72567,24.00000050418968,45.79086534453719,0.0,2614195.115367747,24.0,0.0,0.0,0.0,15.0,24.0,,4198788.241105118,1158889.5630118028,0.0 
 08/02  09:45:00,30.175000000000006,0.72567,24.000000445042873,47.73755324337043,0.0,2787490.823450224,24.000000000000033,0.0,0.0,0.0,15.0,24.0,,4419376.463451456,1223837.1219265874,0.0 
 08/02  10:00:00,30.6,0.72567,24.000014142642795,49.76106025617443,0.0,2958121.9630091309,24.000000000000037,0.0,0.0,0.0,15.0,24.0,0.0,4599095.904244293,1280507.1771611795,0.0 
 08/02  10:15:00,31.000000000000005,0.72567,24.00001734876688,51.5893208510669,0.0,3107798.703807139,23.999999999999994,0.0,0.0,0.0,15.0,24.0,,4751749.696673183,1330051.5143146532,0.0 
 08/02  10:30:00,31.400000000000003,0.72567,24.000395341841374,53.56439627028536,0.0,3249091.3200395398,23.999999999999998,0.0,0.0,0.0,15.0,24.0,,4891897.271822913,1376781.618218399,0.0 
 08/02  10:45:00,31.800000000000006,0.72567,24.00031852785086,55.50056954868468,0.0,3375437.9952950335,24.000000000000008,0.0,0.0,0.0,15.0,24.0,,5034780.301439064,1423559.8438035395,0.0 
 08/02  11:00:00,32.2,0.72567,24.000306489760747,57.6502976130762,0.0,3494131.1465085258,24.0,0.0,0.0,0.0,15.0,24.0,0.0,5144217.573076928,1463271.5962058344,0.0 
 08/02  11:15:00,32.35,0.72567,24.00032091577481,59.30099007048749,0.0,3575551.5754138214,23.999999999999994,0.0,0.0,0.0,15.0,24.0,,5224012.53305999,1488283.2144336447,0.0 
 08/02  11:30:00,32.5,0.72567,24.000351278816554,60.8030820094484,0.0,3647819.385435803,24.000000000000005,0.0,0.0,0.0,15.0,24.0,,5289493.429654871,1509856.7193667503,0.0 
 08/02  11:45:00,32.65,0.72567,24.000395454137807,62.103714619893519,0.0,3709031.025299415,24.000000000000005,0.0,0.0,0.0,15.0,24.0,,5336853.452246588,1527101.3063363208,0.0 
 08/02  12:00:00,32.8,0.72567,24.000413378210586,63.393926226827279,0.0,3765958.746410872,24.000000000000005,0.0,0.0,0.0,15.0,24.0,0.0,5348970.499553043,1536717.7526844117,0.0 
 08/02  12:15:00,33.074999999999999,0.72567,24.00044072484991,64.39099848666108,0.0,3836260.4320868139,24.0,0.0,0.0,0.0,15.0,24.0,,5414669.021857897,1561836.5657166858,0.0 
 08/02  12:30:00,33.349999999999997,0.72567,24.000427642502328,65.37424319397502,0.0,3917332.3449378779,24.0,0.0,0.0,0.0,15.0,24.0,,5486349.761688994,1588882.2310483577,0.0 
 08/02  12:45:00,33.625,0.72567,24.000456067876376,65.94926034332971,0.0,4017908.6204937009,24.0,0.0,0.0,0.0,15.0,24.0,,5606524.6611280799,1627346.5373226682,0.0 
 08/02  13:00:00,33.9,0.72567,24.000503531867147,66.22569982253255,0.0,4139980.303233182,24.0,0.0,0.0,0.0,15.0,24.0,0.0,5765505.405403397,1675276.0957533557,0.0 
 08/02  13:15:00,34.175,0.72567,24.00057250906056,66.32175817756326,0.0,4275116.344317548,24.0,0.0,0.0,0.0,15.0,24.0,,5937368.245708417,1726758.1990888403,0.0 
 08/02  13:30:00,34.45,0.72567,24.000414838665564,66.16928247400509,0.0,4418415.237018918,24.0,0.0,0.0,0.0,15.0,24.0,,6119511.690267646,1780975.6890862478,0.0 
 08/02  13:45:00,34.725,0.72567,24.000143810990126,65.84813190120329,0.0,4560425.160838071,24.0,0.0,0.0,0.0,15.0,24.0,,6292364.700677614,1833327.802975898,0.0 
 08/02  14:00:00,35.0,0.72567,24.010163761745724,65.36899005920538,0.0,4677444.002437862,24.0,0.0,0.0,0.0,15.0,24.0,0.0,6431438.441099678,1876417.3908406266,0.0 
 08/02  14:15:00,35.0,0.72567,24.06421989957058,64.71971065546397,0.0,4696376.127631138,24.0,0.0,0.0,0.0,15.0,24.0,,6432117.090064351,1876488.1114128,0.0 
 08/02  14:30:00,35.0,0.72567,24.13908124377368,63.85475627057831,0.0,4710829.852894441,24.0,0.0,0.0,0.0,15.0,24.0,,6437809.034749427,1877080.9632982184,0.0 
 08/02  14:45:00,35.0,0.72567,24.248866054480975,62.784215167812138,0.0,4726016.62981489,24.0,0.0,0.0,0.0,15.0,24.0,,6448778.53011631,1878221.1735798424,0.0 
 08/02  15:00:00,35.0,0.72567,24.357103252605119,61.623718078400887,0.0,4732764.8770789899,24.0,0.0,0.0,0.0,15.0,24.0,0.0,6463087.091687925,1879704.0459943438,0.0 
 08/02  15:15:00,35.15,0.72567,24.464392173447075,60.592096690834988,0.0,4735112.673433917,24.0,0.0,0.0,0.0,15.0,24.0,,6466827.671312701,1883935.7599686543,0.0 
 08/02  15:30:00,35.3,0.72567,24.53511338868691,59.833601037145459,0.0,4743740.9388824249,24.0,0.0,0.0,0.0,15.0,24.0,,6462035.726072778,1887291.5758870259,0.0 
 08/02  15:45:00,35.45,0.72567,24.634431833429209,59.070825351954557,0.0,4762331.351162498,24.0,0.0,0.0,0.0,15.0,24.0,,6457804.360601302,1890711.064847281,0.0 
 08/02  16:00:00,35.6,0.72567,24.707788313317385,58.47272858957572,0.0,4774767.4593295999,24.0,0.0,0.0,0.0,15.0,24.0,0.0,6451921.08930747,1893963.830066561,0.0 
 08/02  16:15:00,35.45,0.8849400000000001,24.804725624909169,57.655839726533589,0.0,4802229.98688085,24.0,0.0,0.0,0.0,15.0,24.0,,6468815.97033963,1891857.960891481,0.0 
 08/02  16:30:00,35.3,0.8849400000000001,24.880495940955094,56.60003047067252,0.0,4810740.455522085,24.0,0.0,0.0,0.0,15.0,24.0,,6490351.488277141,1890224.12233293,0.0 
 08/02  16:45:00,35.15,0.8849400000000001,24.956267790338737,55.2166725932314,0.0,4813653.868881861,24.000000000000005,0.0,0.0,0.0,15.0,24.0,,6514543.861588509,1888847.9478980059,0.0 
 08/02  17:00:00,35.0,0.8849400000000001,25.025024004046857,53.59602146262598,0.0,4809390.945248821,24.0,0.0,0.0,0.0,15.0,24.0,0.0,6540966.35579216,1887678.9529650133,0.0 
 08/02  17:15:00,34.85,1.6593,25.140931588927349,51.85006734023632,0.0,4806031.775604042,24.0,0.0,0.0,0.0,15.0,24.0,,6575154.804227458,1887264.4582924937,0.0 
 08/02  17:30:00,34.7,1.6593,25.2064213235097,50.34124061046626,0.0,4798603.965537977,24.0,0.0,0.0,0.0,15.0,24.0,,6602583.701131056,1886142.0238393078,0.0 
 08/02  17:45:00,34.55,1.6593,25.20518149405421,49.01233352555282,0.0,4798658.239286151,24.000000000000005,0.0,0.0,0.0,15.0,24.0,,6614587.996786999,1883478.5391435975,0.0 
 08/02  18:00:00,34.4,1.6593,25.178996404634867,47.563777507945847,0.0,4800772.86305132,24.0,0.0,0.0,0.0,15.0,24.0,0.0,6621168.095618075,1880282.8948546465,0.0 
 08/02  18:15:00,34.0,2.69079,25.158852007876456,45.83411747912369,0.0,4808902.625175713,24.0,0.0,0.0,0.0,15.0,24.0,,6648692.88283387,1872752.3924042918,0.0 
 08/02  18:30:00,33.599999999999997,2.69079,25.09870134036083,44.10443306517373,0.0,4798906.70808818,24.0,0.0,0.0,0.0,15.0,24.0,,6677412.088967523,1865348.9539858229,0.0 
 08/02  18:45:00,33.199999999999999,2.69079,24.98318730389302,42.37206657669055,0.0,4774701.445882035,24.0,0.0,0.0,0.0,15.0,24.0,,6702634.149806622,1857628.9512217253,0.0 
 08/02  19:00:00,32.8,2.69079,24.823320103818856,40.651621841040057,0.0,4742297.980183138,24.0,0.0,0.0,0.0,15.0,24.0,0.0,6723502.574994349,1849527.9953297987,0.0 
 08/02  19:15:00,32.375,2.69079,24.60047892760593,39.014840159054418,0.0,4707646.808918976,24.0,0.0,0.0,0.0,15.0,24.0,,6735367.176403156,1840011.1298965184,0.0 
 08/02  19:30:00,31.95,2.69079,24.309612362962608,37.3502052101556,0.0,4675142.2154675009,24.0,0.0,0.0,0.0,15.0,24.0,,6734069.42103317,1829349.675883386,0.0 
 08/02  19:45:00,31.525000000000003,2.69079,24.0424259076715,35.75628970784682,0.0,4578148.924271247,24.0,0.0,0.0,0.0,15.0,24.0,,6601131.284185786,1789921.9042474183,0.0 
 08/02  20:00:00,31.1,2.69079,24.00055677515033,34.260181160250258,0.0,4186038.718538616,24.0,0.0,0.0,0.0,15.0,24.0,0.0,5989701.318512563,1638688.1318810816,0.0 
 08/02  20:15:00,30.675000000000006,2.69079,24.000357629360609,33.03152015872056,0.0,3906679.4532123405,24.000000000000005,0.0,0.0,0.0,15.0,24.0,,5594601.077401759,1534148.0382679515,0.0 
 08/02  20:30:00,30.25,2.69079,24.000429590269584,31.668009148453899,0.0,3661962.0820443,24.000000000000005,0.0,0.0,0.0,15.0,24.0,,5268608.0721217789,1445227.731077685,0.0 
 08/02  20:45:00,29.824999999999997,2.69079,24.000609811587723,30.759200200395953,0.0,3441471.7555780226,24.0,0.0,0.0,0.0,15.0,24.0,,4980969.131123067,1365410.1005004175,0.0 
 08/02  21:00:00,29.4,2.69079,23.999979761542254,29.704147661253509,0.0,3239094.481587939,24.0,0.0,0.0,0.0,15.0,24.0,0.0,4740693.244059092,1296280.9943533636,0.0 
 08/02  21:15:00,28.724999999999999,3.0,24.00000045109884,29.01891918933032,0.0,2982004.9287853909,24.0,0.0,0.0,0.0,15.0,24.0,,4403357.463644999,1199328.8029075033,0.0 
 08/02  21:30:00,28.049999999999998,3.0,23.99996849110091,28.094437889459699,0.0,2747135.594281484,24.0,0.0,0.0,0.0,15.0,24.0,,4106603.474812098,1112492.9213620127,0.0 
 08/02  21:45:00,27.375,3.0,23.999957888301588,27.331408673771614,0.0,2534099.7304465498,24.0,0.0,0.0,0.0,15.0,24.0,,3837351.169982019,1033162.1977817734,0.0 
 08/02  22:00:00,26.7,3.0,23.999969923180289,26.57539822554862,0.0,2340515.0770065279,24.0,0.0,0.0,0.0,15.0,24.0,0.0,3585258.9186016016,959143.6745567074,0.0 
 08/02  22:15:00,26.7,2.69079,23.999968781683906,25.897002133320848,0.0,2136022.392041527,24.0,0.0,0.0,0.0,15.0,24.0,,3300976.7769000774,889706.0431639634,0.0 
 08/02  22:30:00,26.7,2.69079,24.000001512615449,25.54125864775698,0.0,2017609.3859696834,24.0,0.0,0.0,0.0,15.0,24.0,,3135714.460276859,848848.65480364,0.0 
 08/02  22:45:00,26.7,2.69079,23.99991333933336,25.072062777287596,0.0,1922563.6884254146,24.0,0.0,0.0,0.0,15.0,24.0,,3023412.415041285,819891.1197186704,0.0 
 08/02  23:00:00,26.7,2.69079,24.000003376553264,24.871874412787628,0.0,1841707.4925808693,24.0,0.0,0.0,0.0,15.0,24.0,0.0,2944206.438449456,798452.9408561335,0.0 
 08/02  23:15:00,26.549999999999998,3.0,24.000004381479877,24.80338938237426,0.0,1701595.8457465713,24.0,0.0,0.0,0.0,15.0,24.0,,2768757.6508089795,750981.9845546663,0.0 
 08/02  23:30:00,26.4,3.0,24.000004618827857,24.700195381515795,0.0,1586063.2389087873,24.0,0.0,0.0,0.0,15.0,24.0,,2640242.4858159485,714554.2052290699,0.0 
 08/02  23:45:00,26.250000000000005,3.0,24.00000475546589,24.523492176966074,0.0,1485017.6653108395,24.0,0.0,0.0,0.0,15.0,24.0,,2527190.187998689,682154.1640443623,0.0 
 08/02  24:00:00,26.1,3.0,24.000004831077633,24.302012541170844,0.0,1392080.7076014456,24.0,0.0,0.0,0.0,15.0,24.0,0.0,2420161.848686829,651451.8827161171,0.0 
