Date/Time,Heating:Electricity [J](TimeStep),Cooling:Electricity [J](TimeStep),Heating:NaturalGas [J](TimeStep),Electricity:Facility [J](Hourly),ElectricityNet:Facility [J](Hourly),NaturalGas:Facility [J](Hourly) 
 07/01  00:15:00,0.0,111375.52449624785,0.0 
 07/01  00:30:00,0.0,103567.98354583376,0.0 
 07/01  00:45:00,0.0,97886.06343881588,0.0 
 07/01  01:00:00,0.0,92314.18997581559,0.0,12511283.967637264,12511283.967637267,0.0 
 07/01  01:15:00,0.0,91941.6336621801,0.0 
 07/01  01:30:00,0.0,91593.19387579413,0.0 
 07/01  01:45:00,0.0,91440.499012404,0.0 
 07/01  02:00:00,0.0,91282.21762430604,0.0,12471785.011574727,12471785.01157473,0.0 
 07/01  02:15:00,0.0,92007.97165848693,0.0 
 07/01  02:30:00,0.0,92787.55237697179,0.0 
 07/01  02:45:00,0.0,93619.55975514405,0.0 
 07/01  03:00:00,0.0,94485.80636708351,0.0,12478428.357557733,12478428.357557733,0.0 
 07/01  03:15:00,0.0,94322.38828689826,0.0 
 07/01  03:30:00,0.0,94121.01138759482,0.0 
 07/01  03:45:00,0.0,93823.5881052216,0.0 
 07/01  04:00:00,0.0,93554.60150761322,0.0,12481349.056687372,12481349.056687374,0.0 
 07/01  04:15:00,0.0,92197.57697952452,0.0 
 07/01  04:30:00,0.0,90877.67504083898,0.0 
 07/01  04:45:00,0.0,89664.37708757073,0.0 
 07/01  05:00:00,0.0,89766.66116555417,0.0,12203604.90927892,12203604.909278922,0.0 
 07/01  05:15:00,0.0,103573.4974468175,0.0 
 07/01  05:30:00,0.0,122981.51460228392,0.0 
 07/01  05:45:00,0.0,151796.10648039604,0.0 
 07/01  06:00:00,0.0,183529.33815800967,0.0,11547156.952583334,11547156.952583334,0.0 
 07/01  06:15:00,0.0,233023.76902913946,0.0 
 07/01  06:30:00,0.0,286184.99121227508,0.0 
 07/01  06:45:00,0.0,333034.2835306369,0.0 
 07/01  07:00:00,0.0,386812.80588643599,0.0,12172321.794703674,12172321.794703676,0.0 
 07/01  07:15:00,0.0,434870.26428548819,0.0 
 07/01  07:30:00,0.0,484678.87927659609,0.0 
 07/01  07:45:00,0.0,528058.7147958211,0.0 
 07/01  08:00:00,0.0,570272.2791606928,0.0,13050400.145250578,13050400.14525058,0.0 
 07/01  08:15:00,0.0,632953.4387028476,0.0 
 07/01  08:30:00,0.0,695819.7194552646,0.0 
 07/01  08:45:00,0.0,758906.0634990478,0.0 
 07/01  09:00:00,0.0,821066.520188562,0.0,13948232.110792999,13948232.110792997,0.0 
 07/01  09:15:00,0.0,860257.2674781671,0.0 
 07/01  09:30:00,0.0,897912.3951294359,0.0 
 07/01  09:45:00,0.0,980767.2668467206,0.0 
 07/01  10:00:00,0.0,1057070.863723624,0.0,14840802.089625927,14840802.089625927,0.0 
 07/01  10:15:00,0.0,1086723.3418987885,0.0 
 07/01  10:30:00,0.0,1115571.1421184708,0.0 
 07/01  10:45:00,0.0,1148636.6271530856,0.0 
 07/01  11:00:00,0.0,1189454.7531265356,0.0,15559521.535530407,15559521.535530407,0.0 
 07/01  11:15:00,0.0,1206611.9268839937,0.0 
 07/01  11:30:00,0.0,1224091.822314296,0.0 
 07/01  11:45:00,0.0,1237691.596296362,0.0 
 07/01  12:00:00,0.0,1249344.6439071794,0.0,15894215.862928223,15894215.862928223,0.0 
 07/01  12:15:00,0.0,1259531.3331163545,0.0 
 07/01  12:30:00,0.0,1269116.777018625,0.0 
 07/01  12:45:00,0.0,1277627.7478649524,0.0 
 07/01  13:00:00,0.0,1283774.6006692909,0.0,16126788.818483334,16126788.818483336,0.0 
 07/01  13:15:00,0.0,1278665.1764822445,0.0 
 07/01  13:30:00,0.0,1274609.7212427094,0.0 
 07/01  13:45:00,0.0,1271640.6048785274,0.0 
 07/01  14:00:00,0.0,1268685.1067528018,0.0,16123901.507867787,16123901.507867787,0.0 
 07/01  14:15:00,0.0,1287877.3493048638,0.0 
 07/01  14:30:00,0.0,1305904.8889353229,0.0 
 07/01  14:45:00,0.0,1321817.3807970256,0.0 
 07/01  15:00:00,0.0,1337036.7984278752,0.0,16256687.96664458,16256687.966644578,0.0 
 07/01  15:15:00,0.0,1326524.41585952,0.0 
 07/01  15:30:00,0.0,1311165.4471556233,0.0 
 07/01  15:45:00,0.0,1291369.0336279264,0.0 
 07/01  16:00:00,0.0,1269852.643035484,0.0,16160529.588403618,16160529.588403618,0.0 
 07/01  16:15:00,0.0,1247885.6414527519,0.0 
 07/01  16:30:00,0.0,1225067.5488606208,0.0 
 07/01  16:45:00,0.0,1196888.8475990827,0.0 
 07/01  17:00:00,0.0,1172443.6729810055,0.0,15779489.049082373,15779489.049082369,0.0 
 07/01  17:15:00,0.0,1132952.89442256,0.0 
 07/01  17:30:00,0.0,1091299.5567551819,0.0 
 07/01  17:45:00,0.0,1032637.191586731,0.0 
 07/01  18:00:00,0.0,966317.311912963,0.0,15172697.008643328,15172697.008643326,0.0 
 07/01  18:15:00,0.0,908210.3531695204,0.0 
 07/01  18:30:00,0.0,844229.9341734643,0.0 
 07/01  18:45:00,0.0,777979.9072055364,0.0 
 07/01  19:00:00,0.0,677456.3252280153,0.0,14713112.795843896,14713112.795843896,0.0 
 07/01  19:15:00,0.0,607693.4124534123,0.0 
 07/01  19:30:00,0.0,545117.0496258832,0.0 
 07/01  19:45:00,0.0,484502.95178198066,0.0 
 07/01  20:00:00,0.0,427042.24731844387,0.0,14621623.928561071,14621623.928561073,0.0 
 07/01  20:15:00,0.0,398058.2469151618,0.0 
 07/01  20:30:00,0.0,372298.26377476679,0.0 
 07/01  20:45:00,0.0,349456.7991508621,0.0 
 07/01  21:00:00,0.0,329017.1400209303,0.0,13982700.424544564,13982700.424544562,0.0 
 07/01  21:15:00,0.0,294923.4763981142,0.0 
 07/01  21:30:00,0.0,273152.9504916307,0.0 
 07/01  21:45:00,0.0,251913.33938896878,0.0 
 07/01  22:00:00,0.0,230908.47694491608,0.0,13565902.498436794,13565902.498436798,0.0 
 07/01  22:15:00,0.0,225764.90368954864,0.0 
 07/01  22:30:00,0.0,221469.43798332066,0.0 
 07/01  22:45:00,0.0,218290.34833842447,0.0 
 07/01  23:00:00,0.0,216146.26261060558,0.0,13387026.921014825,13387026.921014829,0.0 
 07/01  23:15:00,0.0,455595.426481486,0.0 
 07/01  23:30:00,0.0,619586.918745534,0.0 
 07/01  23:45:00,0.0,584876.7301969719,0.0 
 07/01  24:00:00,0.0,609626.1854330545,0.0,17486100.203649187,17486100.203649187,0.0 
 07/02  00:15:00,0.0,412708.9683843588,0.0 
 07/02  00:30:00,0.0,407196.38501308,0.0 
 07/02  00:45:00,0.0,403077.8761947528,0.0 
 07/02  01:00:00,0.0,400164.35954536907,0.0,16835734.893296247,16835734.893296247,0.0 
 07/02  01:15:00,0.0,387764.13919013986,0.0 
 07/02  01:30:00,0.0,375997.66413359969,0.0 
 07/02  01:45:00,0.0,364346.47712670828,0.0 
 07/02  02:00:00,0.0,352539.96643961218,0.0,16685698.085027982,16685698.085027982,0.0 
 07/02  02:15:00,0.0,348536.868582513,0.0 
 07/02  02:30:00,0.0,344581.2411375407,0.0 
 07/02  02:45:00,0.0,340630.3874656408,0.0 
 07/02  03:00:00,0.0,336708.79448803936,0.0,16570423.923598906,16570423.923598908,0.0 
 07/02  03:15:00,0.0,339756.424368421,0.0 
 07/02  03:30:00,0.0,342850.29793644868,0.0 
 07/02  03:45:00,0.0,346075.2921802831,0.0 
 07/02  04:00:00,0.0,349706.6822874569,0.0,16579917.657558339,16579917.657558339,0.0 
 07/02  04:15:00,0.0,352183.736380635,0.0 
 07/02  04:30:00,0.0,348935.75712353,0.0 
 07/02  04:45:00,0.0,344639.8542575839,0.0 
 07/02  05:00:00,0.0,354725.7304668597,0.0,16976920.526090608,16976920.526090608,0.0 
 07/02  05:15:00,0.0,778473.1629405235,0.0 
 07/02  05:30:00,0.0,790314.8179052561,0.0 
 07/02  05:45:00,0.0,831872.277116769,0.0 
 07/02  06:00:00,0.0,874147.4379231299,0.0,19084042.031002467,19084042.031002467,0.0 
 07/02  06:15:00,0.0,762481.0111263795,0.0 
 07/02  06:30:00,0.0,816827.9571759645,0.0 
 07/02  06:45:00,0.0,855676.4203474912,0.0 
 07/02  07:00:00,0.0,894111.2970972929,0.0,20572252.833307819,20572252.833307819,0.0 
 07/02  07:15:00,0.0,1571191.619665203,0.0 
 07/02  07:30:00,0.0,1651077.4159559648,0.0 
 07/02  07:45:00,0.0,1711041.7903361256,0.0 
 07/02  08:00:00,0.0,1773287.30621543,0.0,34094566.858891729,34094566.85889172,0.0 
 07/02  08:15:00,0.0,1858711.9799605609,0.0 
 07/02  08:30:00,0.0,1938126.7486916758,0.0 
 07/02  08:45:00,0.0,2011206.7979800744,0.0 
 07/02  09:00:00,0.0,2091937.074130694,0.0,35286412.592172037,35286412.59217204,0.0 
 07/02  09:15:00,0.0,2045492.6636594595,0.0 
 07/02  09:30:00,0.0,2057551.527279404,0.0 
 07/02  09:45:00,0.0,2067475.8913237546,0.0 
 07/02  10:00:00,0.0,2081168.5405079497,0.0,35115437.355277318,35115437.35527731,0.0 
 07/02  10:15:00,0.0,2183185.45488153,0.0 
 07/02  10:30:00,0.0,2220599.5180625889,0.0 
 07/02  10:45:00,0.0,2257425.9186379036,0.0 
 07/02  11:00:00,0.0,2301507.424269623,0.0,36326894.71580598,36326894.715805988,0.0 
 07/02  11:15:00,0.0,2059061.1181280928,0.0 
 07/02  11:30:00,0.0,2065384.1847529887,0.0 
 07/02  11:45:00,0.0,2072213.4569523438,0.0 
 07/02  12:00:00,0.0,2076185.9917607387,0.0,33589861.70826963,33589861.70826964,0.0 
 07/02  12:15:00,0.0,2341122.970816281,0.0 
 07/02  12:30:00,0.0,2359970.4579171307,0.0 
 07/02  12:45:00,0.0,2375599.826920117,0.0 
 07/02  13:00:00,0.0,2391429.0230590158,0.0,36892658.30135642,36892658.30135642,0.0 
 07/02  13:15:00,0.0,2333049.6129666625,0.0 
 07/02  13:30:00,0.0,2350134.8375564736,0.0 
 07/02  13:45:00,0.0,2365298.4766297067,0.0 
 07/02  14:00:00,0.0,2379513.4810296965,0.0,36164233.66185513,36164233.66185513,0.0 
 07/02  14:15:00,0.0,2451588.779538935,0.0 
 07/02  14:30:00,0.0,2448466.123048595,0.0 
 07/02  14:45:00,0.0,2444751.9333527588,0.0 
 07/02  15:00:00,0.0,2440002.424565063,0.0,37102754.929888058,37102754.929888058,0.0 
 07/02  15:15:00,0.0,2454364.109421742,0.0 
 07/02  15:30:00,0.0,2465575.8480507379,0.0 
 07/02  15:45:00,0.0,2472101.9699757376,0.0 
 07/02  16:00:00,0.0,2478784.3921858437,0.0,37107183.76805073,37107183.76805072,0.0 
 07/02  16:15:00,0.0,1775311.4664987892,0.0 
 07/02  16:30:00,0.0,1730048.490891601,0.0 
 07/02  16:45:00,0.0,1672849.029437525,0.0 
 07/02  17:00:00,0.0,1606009.9195196136,0.0,25509766.03385521,25509766.033855216,0.0 
 07/02  17:15:00,0.0,1256086.3589844702,0.0 
 07/02  17:30:00,0.0,1156785.116829815,0.0 
 07/02  17:45:00,0.0,1070619.3702874734,0.0 
 07/02  18:00:00,0.0,983061.5827240006,0.0,18358291.437314307,18358291.43731431,0.0 
 07/02  18:15:00,0.0,872017.5934508918,0.0 
 07/02  18:30:00,0.0,781276.0605909205,0.0 
 07/02  18:45:00,0.0,692873.4373828003,0.0 
 07/02  19:00:00,0.0,600270.0133105323,0.0,16693758.188859575,16693758.188859579,0.0 
 07/02  19:15:00,0.0,530941.0388036331,0.0 
 07/02  19:30:00,0.0,474372.54709507667,0.0 
 07/02  19:45:00,0.0,422304.4834645039,0.0 
 07/02  20:00:00,0.0,374759.7755121429,0.0,15603330.485517269,15603330.48551727,0.0 
 07/02  20:15:00,0.0,345396.8763446719,0.0 
 07/02  20:30:00,0.0,320351.54614633976,0.0 
 07/02  20:45:00,0.0,298504.9937489966,0.0 
 07/02  21:00:00,0.0,279239.0123463471,0.0,15019685.785728611,15019685.785728613,0.0 
 07/02  21:15:00,0.0,224257.52632037659,0.0 
 07/02  21:30:00,0.0,211866.89641003213,0.0 
 07/02  21:45:00,0.0,202540.54659045494,0.0 
 07/02  22:00:00,0.0,194781.6299903219,0.0,13703112.74320834,13703112.74320834,0.0 
 07/02  22:15:00,0.0,171755.45860768407,0.0 
 07/02  22:30:00,0.0,175625.5930163302,0.0 
 07/02  22:45:00,0.0,180056.40078930179,0.0 
 07/02  23:00:00,0.0,185082.58622211743,0.0,13235298.322677788,13235298.322677786,0.0 
 07/02  23:15:00,0.0,575444.1573964827,0.0 
 07/02  23:30:00,0.0,578691.3633846879,0.0 
 07/02  23:45:00,0.0,563180.1219402007,0.0 
 07/02  24:00:00,0.0,554947.57041989,0.0,17499879.08064642,17499879.08064642,0.0 
 07/03  00:15:00,0.0,361377.5283930644,0.0 
 07/03  00:30:00,0.0,353618.40011250556,0.0 
 07/03  00:45:00,0.0,346771.0014582616,0.0 
 07/03  01:00:00,0.0,434424.7609751383,0.0,16715294.189729093,16715294.189729095,0.0 
 07/03  01:15:00,0.0,437761.22113313208,0.0 
 07/03  01:30:00,0.0,437000.03837203807,0.0 
 07/03  01:45:00,0.0,436702.62159719868,0.0 
 07/03  02:00:00,0.0,437006.6342007921,0.0,16966595.03114714,16966595.03114714,0.0 
 07/03  02:15:00,0.0,423295.5500117603,0.0 
 07/03  02:30:00,0.0,410620.9199733818,0.0 
 07/03  02:45:00,0.0,398076.88478194296,0.0 
 07/03  03:00:00,0.0,385808.8097653389,0.0,16829645.754147516,16829645.754147516,0.0 
 07/03  03:15:00,0.0,380345.1075378346,0.0 
 07/03  03:30:00,0.0,374972.3514373957,0.0 
 07/03  03:45:00,0.0,369731.89084397707,0.0 
 07/03  04:00:00,0.0,364623.4147684849,0.0,16695113.34358305,16695113.343583052,0.0 
 07/03  04:15:00,0.0,373449.88737452149,0.0 
 07/03  04:30:00,0.0,377297.7394628752,0.0 
 07/03  04:45:00,0.0,380568.5806659512,0.0 
 07/03  05:00:00,0.0,393260.41403624988,0.0,17106986.854733528,17106986.854733528,0.0 
 07/03  05:15:00,0.0,815711.7108764742,0.0 
 07/03  05:30:00,0.0,846152.1517496905,0.0 
 07/03  05:45:00,0.0,882474.2261467706,0.0 
 07/03  06:00:00,0.0,917879.2907232703,0.0,19324076.29912804,19324076.29912804,0.0 
 07/03  06:15:00,0.0,739293.6948173759,0.0 
 07/03  06:30:00,0.0,754879.1341262022,0.0 
 07/03  06:45:00,0.0,781177.1865264205,0.0 
 07/03  07:00:00,0.0,809704.2961927864,0.0,20497780.44146886,20497780.44146886,0.0 
 07/03  07:15:00,0.0,1493157.0103868165,0.0 
 07/03  07:30:00,0.0,1564272.2893906655,0.0 
 07/03  07:45:00,0.0,1624326.4921034789,0.0 
 07/03  08:00:00,0.0,1689975.2888399019,0.0,33434958.91925392,33434958.91925392,0.0 
 07/03  08:15:00,0.0,1766045.200118606,0.0 
 07/03  08:30:00,0.0,1844051.610593714,0.0 
 07/03  08:45:00,0.0,1910278.8150101724,0.0 
 07/03  09:00:00,0.0,1971609.8665322406,0.0,34529359.474044349,34529359.474044349,0.0 
 07/03  09:15:00,0.0,1949068.3530690196,0.0 
 07/03  09:30:00,0.0,1990476.600678572,0.0 
 07/03  09:45:00,0.0,2031859.8089565193,0.0 
 07/03  10:00:00,0.0,2066883.1249298414,0.0,34830351.24190739,34830351.24190739,0.0 
 07/03  10:15:00,0.0,2180113.3019237464,0.0 
 07/03  10:30:00,0.0,2222311.892688787,0.0 
 07/03  10:45:00,0.0,2263054.9479288544,0.0 
 07/03  11:00:00,0.0,2308915.1042650609,0.0,36420442.56229128,36420442.56229128,0.0 
 07/03  11:15:00,0.0,2095643.2494788368,0.0 
 07/03  11:30:00,0.0,2131307.2436471765,0.0 
 07/03  11:45:00,0.0,2169755.8558636417,0.0 
 07/03  12:00:00,0.0,2211049.4003189529,0.0,33996228.50196503,33996228.50196504,0.0 
 07/03  12:15:00,0.0,2411350.360503222,0.0 
 07/03  12:30:00,0.0,2387463.6182705156,0.0 
 07/03  12:45:00,0.0,2358116.6224167288,0.0 
 07/03  13:00:00,0.0,2326252.047655921,0.0,36974997.22809982,36974997.22809982,0.0 
 07/03  13:15:00,0.0,2268087.350249124,0.0 
 07/03  13:30:00,0.0,2281886.0207801766,0.0 
 07/03  13:45:00,0.0,2294158.6521997458,0.0 
 07/03  14:00:00,0.0,2306223.11608104,0.0,35941871.65453642,35941871.65453642,0.0 
 07/03  14:15:00,0.0,2396177.7287839564,0.0 
 07/03  14:30:00,0.0,2416262.205961106,0.0 
 07/03  14:45:00,0.0,2434010.912001869,0.0 
 07/03  15:00:00,0.0,2450878.5625488397,0.0,37002143.68195147,37002143.68195146,0.0 
 07/03  15:15:00,0.0,2440771.991176499,0.0 
 07/03  15:30:00,0.0,2429237.2409756539,0.0 
 07/03  15:45:00,0.0,2416292.2337827587,0.0 
 07/03  16:00:00,0.0,2403980.434784881,0.0,36837994.14655368,36837994.14655368,0.0 
 07/03  16:15:00,0.0,1702450.850913087,0.0 
 07/03  16:30:00,0.0,1687362.489848773,0.0 
 07/03  16:45:00,0.0,1667814.7019403228,0.0 
 07/03  17:00:00,0.0,1651492.0803389666,0.0,25499420.707953413,25499420.707953417,0.0 
 07/03  17:15:00,0.0,1339516.5314992425,0.0 
 07/03  17:30:00,0.0,1280756.803097466,0.0 
 07/03  17:45:00,0.0,1213274.393241014,0.0 
 07/03  18:00:00,0.0,1140157.1601378266,0.0,18654292.671346386,18654292.671346394,0.0 
 07/03  18:15:00,0.0,1028557.951453195,0.0 
 07/03  18:30:00,0.0,943641.0244980758,0.0 
 07/03  18:45:00,0.0,856289.686855802,0.0 
 07/03  19:00:00,0.0,736713.8427867728,0.0,17265960.014410039,17265960.01441004,0.0 
 07/03  19:15:00,0.0,676316.9039965238,0.0 
 07/03  19:30:00,0.0,630193.87058252,0.0 
 07/03  19:45:00,0.0,589337.6638665791,0.0 
 07/03  20:00:00,0.0,553442.6859771469,0.0,16252817.134478394,16252817.134478394,0.0 
 07/03  20:15:00,0.0,521972.93407991577,0.0 
 07/03  20:30:00,0.0,494836.82841967247,0.0 
 07/03  20:45:00,0.0,470862.1082446475,0.0 
 07/03  21:00:00,0.0,450059.43168029576,0.0,15721936.446298033,15721936.446298033,0.0 
 07/03  21:15:00,0.0,390408.1178016152,0.0 
 07/03  21:30:00,0.0,366893.0256812521,0.0 
 07/03  21:45:00,0.0,346325.6928196965,0.0 
 07/03  22:00:00,0.0,325743.8209372383,0.0,14306332.789087233,14306332.789087233,0.0 
 07/03  22:15:00,0.0,279912.288964019,0.0 
 07/03  22:30:00,0.0,283916.62174221218,0.0 
 07/03  22:45:00,0.0,289878.3882684796,0.0 
 07/03  23:00:00,0.0,298208.10776566437,0.0,13677301.426994019,13677301.426994019,0.0 
 07/03  23:15:00,0.0,269462.1746467906,0.0 
 07/03  23:30:00,0.0,242335.74119473413,0.0 
 07/03  23:45:00,0.0,216266.9562585822,0.0 
 07/03  24:00:00,0.0,190822.18558065844,0.0,13045681.33731864,13045681.337318642,0.0 
 07/04  00:15:00,0.0,183736.94731835236,0.0 
 07/04  00:30:00,0.0,178396.24568840068,0.0 
 07/04  00:45:00,0.0,172165.17648121838,0.0 
 07/04  01:00:00,0.0,263044.17257010345,0.0,12917094.352655191,12917094.352655193,0.0 
 07/04  01:15:00,0.0,266058.84799425469,0.0 
 07/04  01:30:00,0.0,266959.2214490775,0.0 
 07/04  01:45:00,0.0,268367.44218947927,0.0 
 07/04  02:00:00,0.0,290085.6491504205,0.0,13203966.22572473,13203966.225724735,0.0 
 07/04  02:15:00,0.0,263276.04558425585,0.0 
 07/04  02:30:00,0.0,252869.76789578878,0.0 
 07/04  02:45:00,0.0,244010.6037577188,0.0 
 07/04  03:00:00,0.0,236066.19304827119,0.0,13106042.147684388,13106042.147684392,0.0 
 07/04  03:15:00,0.0,232953.1820878411,0.0 
 07/04  03:30:00,0.0,229693.99141182097,0.0 
 07/04  03:45:00,0.0,226452.6362954892,0.0 
 07/04  04:00:00,0.0,222372.5981315806,0.0,13019333.75329573,13019333.75329573,0.0 
 07/04  04:15:00,0.0,211445.1887190119,0.0 
 07/04  04:30:00,0.0,200327.06148929886,0.0 
 07/04  04:45:00,0.0,188728.43290301233,0.0 
 07/04  05:00:00,0.0,180786.81365640538,0.0,12623570.791399124,12623570.791399124,0.0 
 07/04  05:15:00,0.0,187597.9810665329,0.0 
 07/04  05:30:00,0.0,191681.11402032717,0.0 
 07/04  05:45:00,0.0,210290.89576653299,0.0 
 07/04  06:00:00,0.0,232392.7328080296,0.0,11813501.428374585,11813501.428374585,0.0 
 07/04  06:15:00,0.0,265054.06616095526,0.0 
 07/04  06:30:00,0.0,307781.85625117036,0.0 
 07/04  06:45:00,0.0,351420.1262366803,0.0 
 07/04  07:00:00,0.0,396979.5549629778,0.0,12266945.737665477,12266945.737665479,0.0 
 07/04  07:15:00,0.0,442394.24989306178,0.0 
 07/04  07:30:00,0.0,492376.72858045637,0.0 
 07/04  07:45:00,0.0,535886.0245533664,0.0 
 07/04  08:00:00,0.0,578789.4148462333,0.0,13115220.457597245,13115220.457597249,0.0 
 07/04  08:15:00,0.0,647863.414239684,0.0 
 07/04  08:30:00,0.0,717828.6707943849,0.0 
 07/04  08:45:00,0.0,787428.4441942716,0.0 
 07/04  09:00:00,0.0,862518.3093726244,0.0,14131197.42394263,14131197.42394263,0.0 
 07/04  09:15:00,0.0,881137.8211213333,0.0 
 07/04  09:30:00,0.0,898091.4803893505,0.0 
 07/04  09:45:00,0.0,916963.9158926592,0.0 
 07/04  10:00:00,0.0,934093.8409816139,0.0,14730389.167945104,14730389.167945106,0.0 
 07/04  10:15:00,0.0,947018.8628508687,0.0 
 07/04  10:30:00,0.0,958347.9572648099,0.0 
 07/04  10:45:00,0.0,966002.6177300445,0.0 
 07/04  11:00:00,0.0,979711.8675690538,0.0,14859533.329411556,14859533.329411556,0.0 
 07/04  11:15:00,0.0,992318.2166004124,0.0 
 07/04  11:30:00,0.0,1003527.6171459111,0.0 
 07/04  11:45:00,0.0,1014253.7844131715,0.0 
 07/04  12:00:00,0.0,1024527.931026626,0.0,15011332.92266829,15011332.92266829,0.0 
 07/04  12:15:00,0.0,1026179.6564297106,0.0 
 07/04  12:30:00,0.0,1027665.6038663096,0.0 
 07/04  12:45:00,0.0,1025176.7149926216,0.0 
 07/04  13:00:00,0.0,1021644.1608081837,0.0,15045771.095999428,15045771.095999429,0.0 
 07/04  13:15:00,0.0,1020473.0229643905,0.0 
 07/04  13:30:00,0.0,1020454.1577696486,0.0 
 07/04  13:45:00,0.0,1023044.0138387375,0.0 
 07/04  14:00:00,0.0,1027225.7821175328,0.0,15058510.227552273,15058510.227552273,0.0 
 07/04  14:15:00,0.0,1041492.6159280578,0.0 
 07/04  14:30:00,0.0,1056045.2088203799,0.0 
 07/04  14:45:00,0.0,1068313.4396357213,0.0 
 07/04  15:00:00,0.0,1080085.5306777978,0.0,15155010.470504726,15155010.470504728,0.0 
 07/04  15:15:00,0.0,1095157.3208745616,0.0 
 07/04  15:30:00,0.0,1107456.4593601509,0.0 
 07/04  15:45:00,0.0,1118557.0568064149,0.0 
 07/04  16:00:00,0.0,1130250.3795590769,0.0,15349788.596286934,15349788.596286936,0.0 
 07/04  16:15:00,0.0,1106156.992609303,0.0 
 07/04  16:30:00,0.0,1079259.607957341,0.0 
 07/04  16:45:00,0.0,1051164.0962535255,0.0 
 07/04  17:00:00,0.0,1021417.3072181864,0.0,15176275.695679533,15176275.695679533,0.0 
 07/04  17:15:00,0.0,991307.8098407213,0.0 
 07/04  17:30:00,0.0,957374.3406135152,0.0 
 07/04  17:45:00,0.0,907825.9514437507,0.0 
 07/04  18:00:00,0.0,850630.1181139912,0.0,14640996.22083757,14640996.22083757,0.0 
 07/04  18:15:00,0.0,796211.3305199028,0.0 
 07/04  18:30:00,0.0,734577.025322098,0.0 
 07/04  18:45:00,0.0,670712.7853674183,0.0 
 07/04  19:00:00,0.0,576802.4044043224,0.0,14271564.73605802,14271564.73605802,0.0 
 07/04  19:15:00,0.0,526145.2752504167,0.0 
 07/04  19:30:00,0.0,483458.8385473151,0.0 
 07/04  19:45:00,0.0,443652.15348083429,0.0 
 07/04  20:00:00,0.0,407896.36113858598,0.0,14411886.558860982,14411886.558860986,0.0 
 07/04  20:15:00,0.0,380328.74209144889,0.0 
 07/04  20:30:00,0.0,356772.7697395864,0.0 
 07/04  20:45:00,0.0,335345.70095634149,0.0 
 07/04  21:00:00,0.0,316688.22285438908,0.0,13919776.973868277,13919776.973868279,0.0 
 07/04  21:15:00,0.0,288362.38249879048,0.0 
 07/04  21:30:00,0.0,268818.9009746229,0.0 
 07/04  21:45:00,0.0,253401.40248131677,0.0 
 07/04  22:00:00,0.0,238645.14479838889,0.0,13568401.466682341,13568401.466682341,0.0 
 07/04  22:15:00,0.0,230015.88168833554,0.0 
 07/04  22:30:00,0.0,222116.83066978237,0.0 
 07/04  22:45:00,0.0,214888.6463164901,0.0 
 07/04  23:00:00,0.0,208442.1025313353,0.0,13383174.687831061,13383174.687831063,0.0 
 07/04  23:15:00,0.0,427529.5352185902,0.0 
 07/04  23:30:00,0.0,538983.2681673417,0.0 
 07/04  23:45:00,0.0,491616.3250188144,0.0 
 07/04  24:00:00,0.0,491054.6529980467,0.0,17158177.98616954,17158177.98616954,0.0 
 07/05  00:15:00,0.0,306974.7012273984,0.0 
 07/05  00:30:00,0.0,301125.6423499006,0.0 
 07/05  00:45:00,0.0,296236.90788209388,0.0 
 07/05  01:00:00,0.0,292054.5603803949,0.0,16399661.172671158,16399661.172671158,0.0 
 07/05  01:15:00,0.0,293205.9906059302,0.0 
 07/05  01:30:00,0.0,298552.0657956557,0.0 
 07/05  01:45:00,0.0,304630.4506810337,0.0 
 07/05  02:00:00,0.0,312289.2911005249,0.0,16405538.123643689,16405538.12364369,0.0 
 07/05  02:15:00,0.0,315454.4283183724,0.0 
 07/05  02:30:00,0.0,319270.58583893885,0.0 
 07/05  02:45:00,0.0,323369.04242352696,0.0 
 07/05  03:00:00,0.0,327887.98012556109,0.0,16483440.053333044,16483440.053333043,0.0 
 07/05  03:15:00,0.0,316059.41190400489,0.0 
 07/05  03:30:00,0.0,304823.7994684677,0.0 
 07/05  03:45:00,0.0,293617.97852997828,0.0 
 07/05  04:00:00,0.0,281323.75133638959,0.0,16388567.10723019,16388567.10723019,0.0 
 07/05  04:15:00,0.0,295988.3429706354,0.0 
 07/05  04:30:00,0.0,303481.2027694732,0.0 
 07/05  04:45:00,0.0,311148.5037956167,0.0 
 07/05  05:00:00,0.0,325188.36873074408,0.0,16805931.256889788,16805931.256889788,0.0 
 07/05  05:15:00,0.0,712198.2581846566,0.0 
 07/05  05:30:00,0.0,721126.9632148029,0.0 
 07/05  05:45:00,0.0,763792.9840305892,0.0 
 07/05  06:00:00,0.0,804189.2348161058,0.0,18826583.674718404,18826583.674718404,0.0 
 07/05  06:15:00,0.0,704604.4375117951,0.0 
 07/05  06:30:00,0.0,758555.4924359025,0.0 
 07/05  06:45:00,0.0,802128.3752020453,0.0 
 07/05  07:00:00,0.0,841785.4344906216,0.0,20381837.277974555,20381837.277974558,0.0 
 07/05  07:15:00,0.0,1502047.874825138,0.0 
 07/05  07:30:00,0.0,1598403.203780539,0.0 
 07/05  07:45:00,0.0,1667976.325196897,0.0 
 07/05  08:00:00,0.0,1738028.1738937617,0.0,33945931.453870389,33945931.453870389,0.0 
 07/05  08:15:00,0.0,1791232.4434890687,0.0 
 07/05  08:30:00,0.0,1842791.7012936413,0.0 
 07/05  08:45:00,0.0,1889722.1292447595,0.0 
 07/05  09:00:00,0.0,1933216.090623866,0.0,34836209.88977303,34836209.88977303,0.0 
 07/05  09:15:00,0.0,1913397.2116238939,0.0 
 07/05  09:30:00,0.0,1954060.3138440164,0.0 
 07/05  09:45:00,0.0,1990034.191255889,0.0 
 07/05  10:00:00,0.0,2026588.7270154206,0.0,34632774.72923702,34632774.72923702,0.0 
 07/05  10:15:00,0.0,2107817.3781684858,0.0 
 07/05  10:30:00,0.0,2123958.6181802966,0.0 
 07/05  10:45:00,0.0,2138896.9614972665,0.0 
 07/05  11:00:00,0.0,2158017.588971534,0.0,35690748.48116228,35690748.48116228,0.0 
 07/05  11:15:00,0.0,1924082.5728590703,0.0 
 07/05  11:30:00,0.0,1954598.188405334,0.0 
 07/05  11:45:00,0.0,1989520.0874468073,0.0 
 07/05  12:00:00,0.0,2024140.5796489604,0.0,32833063.21456048,32833063.21456048,0.0 
 07/05  12:15:00,0.0,2260990.9723349364,0.0 
 07/05  12:30:00,0.0,2261907.734469655,0.0 
 07/05  12:45:00,0.0,2257398.003391182,0.0 
 07/05  13:00:00,0.0,2250419.225995713,0.0,36081034.4829219,36081034.48292189,0.0 
 07/05  13:15:00,0.0,2196953.111423322,0.0 
 07/05  13:30:00,0.0,2210285.165970605,0.0 
 07/05  13:45:00,0.0,2222582.4283041569,0.0 
 07/05  14:00:00,0.0,2235136.727730451,0.0,35500905.8445348,35500905.84453481,0.0 
 07/05  14:15:00,0.0,2300049.0690846259,0.0 
 07/05  14:30:00,0.0,2297864.472755439,0.0 
 07/05  14:45:00,0.0,2297063.40809288,0.0 
 07/05  15:00:00,0.0,2297883.402177357,0.0,36385621.47740664,36385621.47740663,0.0 
 07/05  15:15:00,0.0,2312205.0820906187,0.0 
 07/05  15:30:00,0.0,2326056.493902568,0.0 
 07/05  15:45:00,0.0,2337462.8793225085,0.0 
 07/05  16:00:00,0.0,2347050.100738927,0.0,36453152.25462723,36453152.25462722,0.0 
 07/05  16:15:00,0.0,1611588.7010691756,0.0 
 07/05  16:30:00,0.0,1546094.4247863277,0.0 
 07/05  16:45:00,0.0,1478010.9847862095,0.0 
 07/05  17:00:00,0.0,1411306.2708200347,0.0,24855843.74471669,24855843.744716698,0.0 
 07/05  17:15:00,0.0,1172876.7397052767,0.0 
 07/05  17:30:00,0.0,1124601.7167010583,0.0 
 07/05  17:45:00,0.0,1062166.7528726157,0.0 
 07/05  18:00:00,0.0,994907.180109224,0.0,18047337.178938949,18047337.178938956,0.0 
 07/05  18:15:00,0.0,912985.3437911826,0.0 
 07/05  18:30:00,0.0,845338.7013319325,0.0 
 07/05  18:45:00,0.0,777512.8891008004,0.0 
 07/05  19:00:00,0.0,678806.4471080004,0.0,16916943.06770891,16916943.067708915,0.0 
 07/05  19:15:00,0.0,600782.749230536,0.0 
 07/05  19:30:00,0.0,538842.4519846151,0.0 
 07/05  19:45:00,0.0,482301.03688000017,0.0 
 07/05  20:00:00,0.0,430455.35182698516,0.0,15853385.908658868,15853385.90865887,0.0 
 07/05  20:15:00,0.0,400328.40448138097,0.0 
 07/05  20:30:00,0.0,374359.2900722415,0.0 
 07/05  20:45:00,0.0,352241.36485179877,0.0 
 07/05  21:00:00,0.0,332996.681859715,0.0,15239040.778367859,15239040.778367859,0.0 
 07/05  21:15:00,0.0,249680.62172968768,0.0 
 07/05  21:30:00,0.0,211191.42858594829,0.0 
 07/05  21:45:00,0.0,187029.96428636934,0.0 
 07/05  22:00:00,0.0,163317.5835741797,0.0,13675693.127194656,13675693.127194658,0.0 
 07/05  22:15:00,0.0,126503.14404963143,0.0 
 07/05  22:30:00,0.0,115502.98674874852,0.0 
 07/05  22:45:00,0.0,105433.30638470376,0.0 
 07/05  23:00:00,0.0,95831.91901852039,0.0,12944878.381523006,12944878.381523008,0.0 
 07/05  23:15:00,0.0,299469.3307868445,0.0 
 07/05  23:30:00,0.0,367198.49677172608,0.0 
 07/05  23:45:00,0.0,365411.84256420648,0.0 
 07/05  24:00:00,0.0,356351.14588624695,0.0,16594676.286963853,16594676.28696385,0.0 
 07/06  00:15:00,0.0,181550.73885084486,0.0 
 07/06  00:30:00,0.0,158030.37226143277,0.0 
 07/06  00:45:00,0.0,235044.829708095,0.0 
 07/06  01:00:00,0.0,211253.6838293869,0.0,15981122.762321663,15981122.762321659,0.0 
 07/06  01:15:00,0.0,202138.00199849689,0.0 
 07/06  01:30:00,0.0,192936.2400989481,0.0 
 07/06  01:45:00,0.0,183917.0743446771,0.0 
 07/06  02:00:00,0.0,175036.2969235426,0.0,15935750.60015564,15935750.60015564,0.0 
 07/06  02:15:00,0.0,167810.30571495088,0.0 
 07/06  02:30:00,0.0,160005.55537814607,0.0 
 07/06  02:45:00,0.0,155372.3878437518,0.0 
 07/06  03:00:00,0.0,150872.2137324386,0.0,15805784.908983406,15805784.908983406,0.0 
 07/06  03:15:00,0.0,153421.78725120479,0.0 
 07/06  03:30:00,0.0,156296.59062288659,0.0 
 07/06  03:45:00,0.0,159640.21647198325,0.0 
 07/06  04:00:00,0.0,163277.3326148882,0.0,15803429.62343347,15803429.62343347,0.0 
 07/06  04:15:00,0.0,164327.62474694459,0.0 
 07/06  04:30:00,0.0,164057.07682431595,0.0 
 07/06  04:45:00,0.0,163603.58479498296,0.0 
 07/06  05:00:00,0.0,163071.8588683255,0.0,16202036.87358707,16202036.87358707,0.0 
 07/06  05:15:00,0.0,360673.3467359344,0.0 
 07/06  05:30:00,0.0,385977.897117772,0.0 
 07/06  05:45:00,0.0,450634.2178139173,0.0 
 07/06  06:00:00,0.0,538016.3214274542,0.0,17585973.809260869,17585973.809260869,0.0 
 07/06  06:15:00,0.0,527788.2428426568,0.0 
 07/06  06:30:00,0.0,570934.7938034537,0.0 
 07/06  06:45:00,0.0,605142.4799165947,0.0 
 07/06  07:00:00,0.0,646722.3980562404,0.0,19630574.918635899,19630574.9186359,0.0 
 07/06  07:15:00,0.0,1171972.7799551429,0.0 
 07/06  07:30:00,0.0,1319922.8237787416,0.0 
 07/06  07:45:00,0.0,1396832.917298091,0.0 
 07/06  08:00:00,0.0,1461406.9325316153,0.0,32497148.69750774,32497148.69750774,0.0 
 07/06  08:15:00,0.0,1550486.291062284,0.0 
 07/06  08:30:00,0.0,1636574.2871355126,0.0 
 07/06  08:45:00,0.0,1718274.764533225,0.0 
 07/06  09:00:00,0.0,1795512.674696067,0.0,33834795.52181735,33834795.52181735,0.0 
 07/06  09:15:00,0.0,1789948.658965649,0.0 
 07/06  09:30:00,0.0,1841020.9725640899,0.0 
 07/06  09:45:00,0.0,1900776.155236192,0.0 
 07/06  10:00:00,0.0,1959093.6267675234,0.0,34103214.389885079,34103214.38988507,0.0 
 07/06  10:15:00,0.0,2067552.8044706984,0.0 
 07/06  10:30:00,0.0,2108757.5513890406,0.0 
 07/06  10:45:00,0.0,2148367.07300367,0.0 
 07/06  11:00:00,0.0,2193460.4560000079,0.0,35793677.33604054,35793677.33604054,0.0 
 07/06  11:15:00,0.0,1926905.6177209346,0.0 
 07/06  11:30:00,0.0,1904822.654538589,0.0 
 07/06  11:45:00,0.0,1888125.9676803156,0.0 
 07/06  12:00:00,0.0,1870864.1821791158,0.0,32724694.686835674,32724694.686835674,0.0 
 07/06  12:15:00,0.0,2182049.51574512,0.0 
 07/06  12:30:00,0.0,2225333.91512497,0.0 
 07/06  12:45:00,0.0,2264741.71966767,0.0 
 07/06  13:00:00,0.0,2303036.733532926,0.0,36226797.01212297,36226797.01212297,0.0 
 07/06  13:15:00,0.0,2225179.5311078738,0.0 
 07/06  13:30:00,0.0,2223275.4483278037,0.0 
 07/06  13:45:00,0.0,2218993.1409567866,0.0 
 07/06  14:00:00,0.0,2215052.6800139218,0.0,35506415.12897575,35506415.12897575,0.0 
 07/06  14:15:00,0.0,2309090.142787107,0.0 
 07/06  14:30:00,0.0,2334269.0388700168,0.0 
 07/06  14:45:00,0.0,2358361.049791605,0.0 
 07/06  15:00:00,0.0,2382688.987716099,0.0,36451827.80281483,36451827.80281483,0.0 
 07/06  15:15:00,0.0,2377619.7062741115,0.0 
 07/06  15:30:00,0.0,2369852.6595806365,0.0 
 07/06  15:45:00,0.0,2358561.1624973567,0.0 
 07/06  16:00:00,0.0,2349282.0495947946,0.0,36520293.33089263,36520293.33089263,0.0 
 07/06  16:15:00,0.0,1647664.9614524288,0.0 
 07/06  16:30:00,0.0,1629886.0359017542,0.0 
 07/06  16:45:00,0.0,1615011.8472538628,0.0 
 07/06  17:00:00,0.0,1601000.9486485383,0.0,25275769.283870274,25275769.283870274,0.0 
 07/06  17:15:00,0.0,1285829.6628579167,0.0 
 07/06  17:30:00,0.0,1225107.1487938727,0.0 
 07/06  17:45:00,0.0,1155102.317865672,0.0 
 07/06  18:00:00,0.0,1078500.918494077,0.0,18426058.315063206,18426058.31506321,0.0 
 07/06  18:15:00,0.0,989674.0767793453,0.0 
 07/06  18:30:00,0.0,925122.161603822,0.0 
 07/06  18:45:00,0.0,858875.8293355815,0.0 
 07/06  19:00:00,0.0,762355.0219732162,0.0,17238398.023738978,17238398.023738985,0.0 
 07/06  19:15:00,0.0,681465.9540640935,0.0 
 07/06  19:30:00,0.0,616093.1225616853,0.0 
 07/06  19:45:00,0.0,555068.8323449233,0.0 
 07/06  20:00:00,0.0,497849.09085861666,0.0,16151595.257216327,16151595.257216329,0.0 
 07/06  20:15:00,0.0,448834.78279544095,0.0 
 07/06  20:30:00,0.0,403222.8935656539,0.0 
 07/06  20:45:00,0.0,360636.3189249557,0.0 
 07/06  21:00:00,0.0,321825.67008418877,0.0,15308659.172129715,15308659.172129717,0.0 
 07/06  21:15:00,0.0,286374.119291286,0.0 
 07/06  21:30:00,0.0,286737.31015465708,0.0 
 07/06  21:45:00,0.0,290163.9064837244,0.0 
 07/06  22:00:00,0.0,295036.90120987678,0.0,14028645.497080097,14028645.497080099,0.0 
 07/06  22:15:00,0.0,238065.7973788856,0.0 
 07/06  22:30:00,0.0,230183.5982149206,0.0 
 07/06  22:45:00,0.0,224203.97957317494,0.0 
 07/06  23:00:00,0.0,220070.9545171124,0.0,13436380.496928394,13436380.496928398,0.0 
 07/06  23:15:00,0.0,202818.90560520543,0.0 
 07/06  23:30:00,0.0,189697.97008840688,0.0 
 07/06  23:45:00,0.0,182246.58156165519,0.0 
 07/06  24:00:00,0.0,175263.94541975589,0.0,12873456.401038196,12873456.401038196,0.0 
 07/07  00:15:00,0.0,169820.46927638644,0.0 
 07/07  00:30:00,0.0,164595.49595464636,0.0 
 07/07  00:45:00,0.0,161413.53212531968,0.0 
 07/07  01:00:00,0.0,254770.50800229517,0.0,12863160.158885858,12863160.158885858,0.0 
 07/07  01:15:00,0.0,253798.59587619225,0.0 
 07/07  01:30:00,0.0,252965.49264100128,0.0 
 07/07  01:45:00,0.0,252232.80114581789,0.0 
 07/07  02:00:00,0.0,251820.2041082313,0.0,13122767.274675733,13122767.274675735,0.0 
 07/07  02:15:00,0.0,247846.66878964797,0.0 
 07/07  02:30:00,0.0,244073.29064784968,0.0 
 07/07  02:45:00,0.0,240497.03928138928,0.0 
 07/07  03:00:00,0.0,237107.54695407305,0.0,13080449.657238098,13080449.6572381,0.0 
 07/07  03:15:00,0.0,230117.69907546644,0.0 
 07/07  03:30:00,0.0,226240.00141637645,0.0 
 07/07  03:45:00,0.0,222453.0960556165,0.0 
 07/07  04:00:00,0.0,218766.0398088177,0.0,13003104.30375632,13003104.30375632,0.0 
 07/07  04:15:00,0.0,215871.18624060357,0.0 
 07/07  04:30:00,0.0,212956.35648932105,0.0 
 07/07  04:45:00,0.0,210008.55570815804,0.0 
 07/07  05:00:00,0.0,207886.74351796905,0.0,12694555.811835349,12694555.811835349,0.0 
 07/07  05:15:00,0.0,206105.60266695635,0.0 
 07/07  05:30:00,0.0,204577.0184229217,0.0 
 07/07  05:45:00,0.0,204204.5865567391,0.0 
 07/07  06:00:00,0.0,204498.69598937033,0.0,11847369.078024593,11847369.078024595,0.0 
 07/07  06:15:00,0.0,222941.29965436675,0.0 
 07/07  06:30:00,0.0,237761.88948396443,0.0 
 07/07  06:45:00,0.0,264542.26960493999,0.0 
 07/07  07:00:00,0.0,310713.19971169167,0.0,11931805.756455824,11931805.756455824,0.0 
 07/07  07:15:00,0.0,375237.81060038766,0.0 
 07/07  07:30:00,0.0,437996.45472985759,0.0 
 07/07  07:45:00,0.0,490238.01247357777,0.0 
 07/07  08:00:00,0.0,537134.9156141551,0.0,12719614.650220111,12719614.650220113,0.0 
 07/07  08:15:00,0.0,596528.0089266239,0.0 
 07/07  08:30:00,0.0,658638.9110298517,0.0 
 07/07  08:45:00,0.0,717617.1827826735,0.0 
 07/07  09:00:00,0.0,772853.824394606,0.0,13741708.882984352,13741708.882984352,0.0 
 07/07  09:15:00,0.0,809615.5020866385,0.0 
 07/07  09:30:00,0.0,847108.9643959189,0.0 
 07/07  09:45:00,0.0,881195.8150614689,0.0 
 07/07  10:00:00,0.0,914011.2185549184,0.0,14489836.917251397,14489836.917251397,0.0 
 07/07  10:15:00,0.0,928739.4787940875,0.0 
 07/07  10:30:00,0.0,939005.2835540371,0.0 
 07/07  10:45:00,0.0,947069.6149473405,0.0 
 07/07  11:00:00,0.0,960790.2779712178,0.0,14739068.47747634,14739068.477476344,0.0 
 07/07  11:15:00,0.0,974023.9296642183,0.0 
 07/07  11:30:00,0.0,986324.446876884,0.0 
 07/07  11:45:00,0.0,998818.5931635177,0.0 
 07/07  12:00:00,0.0,1010144.2806219456,0.0,14905287.661752861,14905287.661752861,0.0 
 07/07  12:15:00,0.0,1039948.6500684861,0.0 
 07/07  12:30:00,0.0,1070459.4670339553,0.0 
 07/07  12:45:00,0.0,1099112.0025228707,0.0 
 07/07  13:00:00,0.0,1127845.182165256,0.0,15275881.74827369,15275881.74827369,0.0 
 07/07  13:15:00,0.0,1124216.2371010083,0.0 
 07/07  13:30:00,0.0,1121023.0951882224,0.0 
 07/07  13:45:00,0.0,1120611.8110333507,0.0 
 07/07  14:00:00,0.0,1120714.2556799809,0.0,15462729.821980315,15462729.821980317,0.0 
 07/07  14:15:00,0.0,1120606.3084355114,0.0 
 07/07  14:30:00,0.0,1119504.6993319069,0.0 
 07/07  14:45:00,0.0,1116041.0938639839,0.0 
 07/07  15:00:00,0.0,1112341.8795692148,0.0,15381560.506015003,15381560.506015003,0.0 
 07/07  15:15:00,0.0,1121061.6221146205,0.0 
 07/07  15:30:00,0.0,1126314.926566936,0.0 
 07/07  15:45:00,0.0,1128064.6306972563,0.0 
 07/07  16:00:00,0.0,1127267.4555290819,0.0,15398795.54480308,15398795.544803083,0.0 
 07/07  16:15:00,0.0,1126185.9187963175,0.0 
 07/07  16:30:00,0.0,1124919.1738663582,0.0 
 07/07  16:45:00,0.0,1118489.183951821,0.0 
 07/07  17:00:00,0.0,1114552.4919068062,0.0,15398508.004440796,15398508.004440798,0.0 
 07/07  17:15:00,0.0,1063909.6890210519,0.0 
 07/07  17:30:00,0.0,1023397.4049596998,0.0 
 07/07  17:45:00,0.0,965588.9467032759,0.0 
 07/07  18:00:00,0.0,897774.2920742508,0.0,14877201.301731023,14877201.301731023,0.0 
 07/07  18:15:00,0.0,825891.6207033102,0.0 
 07/07  18:30:00,0.0,747569.322565754,0.0 
 07/07  18:45:00,0.0,665877.758627695,0.0 
 07/07  19:00:00,0.0,550385.491440554,0.0,14272438.675083045,14272438.675083047,0.0 
 07/07  19:15:00,0.0,483023.64760034289,0.0 
 07/07  19:30:00,0.0,422799.8151594132,0.0 
 07/07  19:45:00,0.0,365773.7094779208,0.0 
 07/07  20:00:00,0.0,322302.99909940626,0.0,14130395.974523832,14130395.974523833,0.0 
 07/07  20:15:00,0.0,295731.2612583835,0.0 
 07/07  20:30:00,0.0,272394.93401073905,0.0 
 07/07  20:45:00,0.0,251174.7320031709,0.0 
 07/07  21:00:00,0.0,231920.22799167314,0.0,13566804.671130067,13566804.671130069,0.0 
 07/07  21:15:00,0.0,230637.73418637418,0.0 
 07/07  21:30:00,0.0,230133.79498120809,0.0 
 07/07  21:45:00,0.0,230947.60160986553,0.0 
 07/07  22:00:00,0.0,233440.47616005504,0.0,13435976.803100193,13435976.803100193,0.0 
 07/07  22:15:00,0.0,222214.4916695611,0.0 
 07/07  22:30:00,0.0,212538.84544707865,0.0 
 07/07  22:45:00,0.0,203857.6726284313,0.0 
 07/07  23:00:00,0.0,197299.45984906489,0.0,13335815.388163297,13335815.388163299,0.0 
 07/07  23:15:00,0.0,195476.8341286404,0.0 
 07/07  23:30:00,0.0,193642.5629875786,0.0 
 07/07  23:45:00,0.0,191976.17592878323,0.0 
 07/07  24:00:00,0.0,190546.7301667434,0.0,12877169.77061179,12877169.770611793,0.0 
 07/08  00:15:00,0.0,186002.69003129944,0.0 
 07/08  00:30:00,0.0,181810.4871489965,0.0 
 07/08  00:45:00,0.0,177691.03290244318,0.0 
 07/08  01:00:00,0.0,173640.99984920323,0.0,12824672.677331988,12824672.677331988,0.0 
 07/08  01:15:00,0.0,172558.3093784326,0.0 
 07/08  01:30:00,0.0,171567.0643852392,0.0 
 07/08  01:45:00,0.0,170705.45581341606,0.0 
 07/08  02:00:00,0.0,170047.20596930819,0.0,12790405.50294644,12790405.50294644,0.0 
 07/08  02:15:00,0.0,167814.01597375287,0.0 
 07/08  02:30:00,0.0,165665.11974377454,0.0 
 07/08  02:45:00,0.0,163568.7418883501,0.0 
 07/08  03:00:00,0.0,161541.65599693813,0.0,12764117.00100286,12764117.00100286,0.0 
 07/08  03:15:00,0.0,159579.29801861448,0.0 
 07/08  03:30:00,0.0,157636.75577198977,0.0 
 07/08  03:45:00,0.0,141409.25614593668,0.0 
 07/08  04:00:00,0.0,163378.50501494768,0.0,12727531.282351532,12727531.282351535,0.0 
 07/08  04:15:00,0.0,149727.63190966709,0.0 
 07/08  04:30:00,0.0,150891.47932550423,0.0 
 07/08  04:45:00,0.0,148687.41842261118,0.0 
 07/08  05:00:00,0.0,147304.6790850555,0.0,12446473.653345254,12446473.653345254,0.0 
 07/08  05:15:00,0.0,144214.70768806074,0.0 
 07/08  05:30:00,0.0,141476.77664111139,0.0 
 07/08  05:45:00,0.0,139781.43314250466,0.0 
 07/08  06:00:00,0.0,138479.22078183079,0.0,11615815.928330275,11615815.928330275,0.0 
 07/08  06:15:00,0.0,145181.16121756196,0.0 
 07/08  06:30:00,0.0,152392.3436232532,0.0 
 07/08  06:45:00,0.0,161361.95029879176,0.0 
 07/08  07:00:00,0.0,175016.54219000395,0.0,11544488.543818012,11544488.543818016,0.0 
 07/08  07:15:00,0.0,209365.10917579744,0.0 
 07/08  07:30:00,0.0,245446.95417389135,0.0 
 07/08  07:45:00,0.0,265103.46899010628,0.0 
 07/08  08:00:00,0.0,285507.5488888538,0.0,11831226.62806843,11831226.62806843,0.0 
 07/08  08:15:00,0.0,319302.6107648192,0.0 
 07/08  08:30:00,0.0,358623.9994921662,0.0 
 07/08  08:45:00,0.0,424140.6809200015,0.0 
 07/08  09:00:00,0.0,489842.41473080418,0.0,12498694.404221749,12498694.404221748,0.0 
 07/08  09:15:00,0.0,571897.6637099271,0.0 
 07/08  09:30:00,0.0,647448.1732380778,0.0 
 07/08  09:45:00,0.0,717523.8397484934,0.0 
 07/08  10:00:00,0.0,788921.6904863849,0.0,13688936.019105785,13688936.019105789,0.0 
 07/08  10:15:00,0.0,799589.6788080889,0.0 
 07/08  10:30:00,0.0,811999.0134618917,0.0 
 07/08  10:45:00,0.0,824479.4488457604,0.0 
 07/08  11:00:00,0.0,843137.6180952287,0.0,14262032.52623205,14262032.52623205,0.0 
 07/08  11:15:00,0.0,855064.9382504305,0.0 
 07/08  11:30:00,0.0,863757.1060494297,0.0 
 07/08  11:45:00,0.0,869644.1024786037,0.0 
 07/08  12:00:00,0.0,873206.7737908666,0.0,14431754.5364386,14431754.536438603,0.0 
 07/08  12:15:00,0.0,871529.3411498622,0.0 
 07/08  12:30:00,0.0,868740.3962038423,0.0 
 07/08  12:45:00,0.0,865255.8499670538,0.0 
 07/08  13:00:00,0.0,862412.3081627837,0.0,14436925.262767548,14436925.26276755,0.0 
 07/08  13:15:00,0.0,896579.4895327276,0.0 
 07/08  13:30:00,0.0,934041.611069365,0.0 
 07/08  13:45:00,0.0,971747.5943541498,0.0 
 07/08  14:00:00,0.0,1009435.5943819004,0.0,14726322.299761959,14726322.299761959,0.0 
 07/08  14:15:00,0.0,1010105.6947048534,0.0 
 07/08  14:30:00,0.0,1012008.0769810882,0.0 
 07/08  14:45:00,0.0,1013867.3869326816,0.0 
 07/08  15:00:00,0.0,1021495.5354958291,0.0,14961383.297118653,14961383.297118657,0.0 
 07/08  15:15:00,0.0,1007643.4695508755,0.0 
 07/08  15:30:00,0.0,991236.2265444864,0.0 
 07/08  15:45:00,0.0,973350.1034212553,0.0 
 07/08  16:00:00,0.0,952698.4900754483,0.0,14802540.77169677,14802540.771696769,0.0 
 07/08  16:15:00,0.0,946524.1648897557,0.0 
 07/08  16:30:00,0.0,941407.1624313791,0.0 
 07/08  16:45:00,0.0,929331.1929932651,0.0 
 07/08  17:00:00,0.0,909255.6562435203,0.0,14620448.117140217,14620448.117140217,0.0 
 07/08  17:15:00,0.0,891062.3921057324,0.0 
 07/08  17:30:00,0.0,869198.0832663729,0.0 
 07/08  17:45:00,0.0,836479.8596455252,0.0 
 07/08  18:00:00,0.0,800118.5020433903,0.0,14312119.645830386,14312119.645830386,0.0 
 07/08  18:15:00,0.0,744969.6332261585,0.0 
 07/08  18:30:00,0.0,685188.8723685449,0.0 
 07/08  18:45:00,0.0,624666.216023312,0.0 
 07/08  19:00:00,0.0,534155.8639904414,0.0,14069100.229159778,14069100.229159778,0.0 
 07/08  19:15:00,0.0,464580.79043478067,0.0 
 07/08  19:30:00,0.0,400839.84331726646,0.0 
 07/08  19:45:00,0.0,341415.6291646954,0.0 
 07/08  20:00:00,0.0,300493.0950602987,0.0,14038743.207077563,14038743.207077563,0.0 
 07/08  20:15:00,0.0,274967.6230661747,0.0 
 07/08  20:30:00,0.0,251571.9586937297,0.0 
 07/08  20:45:00,0.0,229969.7866394129,0.0 
 07/08  21:00:00,0.0,208546.3394748518,0.0,13472028.718658379,13472028.718658379,0.0 
 07/08  21:15:00,0.0,195032.06248749718,0.0 
 07/08  21:30:00,0.0,184447.11886696163,0.0 
 07/08  21:45:00,0.0,175923.61882254986,0.0 
 07/08  22:00:00,0.0,168256.53520838184,0.0,13219293.700995991,13219293.70099599,0.0 
 07/08  22:15:00,0.0,163098.41235028787,0.0 
 07/08  22:30:00,0.0,158834.76193134266,0.0 
 07/08  22:45:00,0.0,155089.82664378378,0.0 
 07/08  23:00:00,0.0,151696.70453110257,0.0,13123947.172856562,13123947.172856562,0.0 
 07/08  23:15:00,0.0,312452.37759909979,0.0 
 07/08  23:30:00,0.0,312506.01537218099,0.0 
 07/08  23:45:00,0.0,291045.12985773538,0.0 
 07/08  24:00:00,0.0,277482.452172833,0.0,16368836.678971896,16368836.678971896,0.0 
 07/09  00:15:00,0.0,204754.41909112878,0.0 
 07/09  00:30:00,0.0,216624.2153546634,0.0 
 07/09  00:45:00,0.0,232894.4405482197,0.0 
 07/09  01:00:00,0.0,247522.24963415706,0.0,16076065.057453502,16076065.057453502,0.0 
 07/09  01:15:00,0.0,243707.55677737477,0.0 
 07/09  01:30:00,0.0,241046.62227945974,0.0 
 07/09  01:45:00,0.0,238759.93450014486,0.0 
 07/09  02:00:00,0.0,236730.2557791905,0.0,16137424.497964297,16137424.497964297,0.0 
 07/09  02:15:00,0.0,232012.73454771329,0.0 
 07/09  02:30:00,0.0,227016.94714614258,0.0 
 07/09  02:45:00,0.0,224517.00782362265,0.0 
 07/09  03:00:00,0.0,221917.5092135108,0.0,16077076.890765232,16077076.890765232,0.0 
 07/09  03:15:00,0.0,222221.3429238451,0.0 
 07/09  03:30:00,0.0,222539.38068922354,0.0 
 07/09  03:45:00,0.0,222839.8225408833,0.0 
 07/09  04:00:00,0.0,225128.84750383075,0.0,16064157.443376638,16064157.443376638,0.0 
 07/09  04:15:00,0.0,226689.4998875502,0.0 
 07/09  04:30:00,0.0,226204.82651669393,0.0 
 07/09  04:45:00,0.0,225268.38551091517,0.0 
 07/09  05:00:00,0.0,225272.92303949176,0.0,16454448.70016326,16454448.70016326,0.0 
 07/09  05:15:00,0.0,458279.30041745948,0.0 
 07/09  05:30:00,0.0,549998.9048509422,0.0 
 07/09  05:45:00,0.0,539287.6756748494,0.0 
 07/09  06:00:00,0.0,561455.3132709474,0.0,17995387.71840345,17995387.71840345,0.0 
 07/09  06:15:00,0.0,508707.96382817646,0.0 
 07/09  06:30:00,0.0,540224.4351320277,0.0 
 07/09  06:45:00,0.0,570813.6992064272,0.0 
 07/09  07:00:00,0.0,602698.5260950333,0.0,19747190.780190704,19747190.780190704,0.0 
 07/09  07:15:00,0.0,1134367.9639973888,0.0 
 07/09  07:30:00,0.0,1225824.5527375397,0.0 
 07/09  07:45:00,0.0,1271379.7323277409,0.0 
 07/09  08:00:00,0.0,1310550.6551048689,0.0,32333837.735286967,32333837.735286975,0.0 
 07/09  08:15:00,0.0,1366090.154584056,0.0 
 07/09  08:30:00,0.0,1425984.9290014425,0.0 
 07/09  08:45:00,0.0,1476327.3338127747,0.0 
 07/09  09:00:00,0.0,1529860.4431694162,0.0,32791179.686667026,32791179.686667026,0.0 
 07/09  09:15:00,0.0,1547907.1819386008,0.0 
 07/09  09:30:00,0.0,1622252.3477708579,0.0 
 07/09  09:45:00,0.0,1689634.5386335545,0.0 
 07/09  10:00:00,0.0,1758518.2057642434,0.0,32984340.55877265,32984340.558772655,0.0 
 07/09  10:15:00,0.0,1876759.4744211909,0.0 
 07/09  10:30:00,0.0,1922016.8411396577,0.0 
 07/09  10:45:00,0.0,1966766.9834259386,0.0 
 07/09  11:00:00,0.0,2016798.4822487343,0.0,34894404.413453448,34894404.413453448,0.0 
 07/09  11:15:00,0.0,1747804.0290501896,0.0 
 07/09  11:30:00,0.0,1760951.8687016648,0.0 
 07/09  11:45:00,0.0,1775631.557053128,0.0 
 07/09  12:00:00,0.0,1787665.8465408514,0.0,32223522.405616467,32223522.40561647,0.0 
 07/09  12:15:00,0.0,2089058.0187358978,0.0 
 07/09  12:30:00,0.0,2110044.8181371248,0.0 
 07/09  12:45:00,0.0,2128590.30025204,0.0 
 07/09  13:00:00,0.0,2145248.935465646,0.0,35732644.324813898,35732644.324813898,0.0 
 07/09  13:15:00,0.0,2069514.6667467319,0.0 
 07/09  13:30:00,0.0,2069627.8484893589,0.0 
 07/09  13:45:00,0.0,2067811.404854497,0.0 
 07/09  14:00:00,0.0,2070289.915558673,0.0,34798296.95629284,34798296.95629284,0.0 
 07/09  14:15:00,0.0,2176874.9906883419,0.0 
 07/09  14:30:00,0.0,2220334.7438978345,0.0 
 07/09  14:45:00,0.0,2265422.7628603468,0.0 
 07/09  15:00:00,0.0,2311752.8989452018,0.0,36038029.2470586,36038029.2470586,0.0 
 07/09  15:15:00,0.0,2311566.2006049335,0.0 
 07/09  15:30:00,0.0,2307956.0109901435,0.0 
 07/09  15:45:00,0.0,2300637.9424196605,0.0 
 07/09  16:00:00,0.0,2293887.198837932,0.0,36277118.0239268,36277118.023926798,0.0 
 07/09  16:15:00,0.0,1553582.4943894982,0.0 
 07/09  16:30:00,0.0,1489225.658940555,0.0 
 07/09  16:45:00,0.0,1422035.9607385859,0.0 
 07/09  17:00:00,0.0,1345403.5659416507,0.0,24613062.689290186,24613062.68929018,0.0 
 07/09  17:15:00,0.0,1103805.7255346403,0.0 
 07/09  17:30:00,0.0,1053027.1886019405,0.0 
 07/09  17:45:00,0.0,994381.396024914,0.0 
 07/09  18:00:00,0.0,930631.883386133,0.0,17772702.77146356,17772702.771463567,0.0 
 07/09  18:15:00,0.0,845332.6212257529,0.0 
 07/09  18:30:00,0.0,776151.3297640585,0.0 
 07/09  18:45:00,0.0,706374.6073932933,0.0 
 07/09  19:00:00,0.0,609699.7466950545,0.0,16608910.856854685,16608910.856854689,0.0 
 07/09  19:15:00,0.0,528798.8022332004,0.0 
 07/09  19:30:00,0.0,463428.77902298458,0.0 
 07/09  19:45:00,0.0,403287.14792761046,0.0 
 07/09  20:00:00,0.0,347848.7136011869,0.0,15511924.140482126,15511924.140482124,0.0 
 07/09  20:15:00,0.0,319714.95291700176,0.0 
 07/09  20:30:00,0.0,296353.2700814529,0.0 
 07/09  20:45:00,0.0,276493.3519275184,0.0 
 07/09  21:00:00,0.0,258796.12123829756,0.0,14900831.280983448,14900831.280983448,0.0 
 07/09  21:15:00,0.0,222444.67216083059,0.0 
 07/09  21:30:00,0.0,218348.49757253915,0.0 
 07/09  21:45:00,0.0,221595.9366387691,0.0 
 07/09  22:00:00,0.0,224771.72704254045,0.0,13735775.984569056,13735775.984569058,0.0 
 07/09  22:15:00,0.0,178415.24458877778,0.0 
 07/09  22:30:00,0.0,173605.4497632054,0.0 
 07/09  22:45:00,0.0,169736.71347784275,0.0 
 07/09  23:00:00,0.0,166781.28685601607,0.0,13191287.707113482,13191287.707113484,0.0 
 07/09  23:15:00,0.0,529888.4807473947,0.0 
 07/09  23:30:00,0.0,535372.6708808508,0.0 
 07/09  23:45:00,0.0,520607.33348606477,0.0 
 07/09  24:00:00,0.0,511723.1140789795,0.0,17307033.09224277,17307033.092242768,0.0 
 07/10  00:15:00,0.0,333079.9604157399,0.0 
 07/10  00:30:00,0.0,330888.364706516,0.0 
 07/10  00:45:00,0.0,335414.6374654678,0.0 
 07/10  01:00:00,0.0,423860.74161163976,0.0,16630103.215541464,16630103.215541466,0.0 
 07/10  01:15:00,0.0,406661.7249149512,0.0 
 07/10  01:30:00,0.0,390242.34037832697,0.0 
 07/10  01:45:00,0.0,374204.1941005376,0.0 
 07/10  02:00:00,0.0,358616.85793603348,0.0,16728774.095267363,16728774.095267369,0.0 
 07/10  02:15:00,0.0,352077.47598281656,0.0 
 07/10  02:30:00,0.0,345846.0253057259,0.0 
 07/10  02:45:00,0.0,339812.4961973361,0.0 
 07/10  03:00:00,0.0,333600.6269623854,0.0,16562687.17174188,16562687.17174188,0.0 
 07/10  03:15:00,0.0,327169.6213185758,0.0 
 07/10  03:30:00,0.0,320758.60133276457,0.0 
 07/10  03:45:00,0.0,314314.3059256972,0.0 
 07/10  04:00:00,0.0,307938.31230047848,0.0,16457312.538586379,16457312.538586379,0.0 
 07/10  04:15:00,0.0,318214.96859679798,0.0 
 07/10  04:30:00,0.0,323200.5709827108,0.0 
 07/10  04:45:00,0.0,327702.69150559438,0.0 
 07/10  05:00:00,0.0,338266.47549003807,0.0,16874336.6017477,16874336.601747697,0.0 
 07/10  05:15:00,0.0,701362.9141819677,0.0 
 07/10  05:30:00,0.0,697158.8943976044,0.0 
 07/10  05:45:00,0.0,723964.650272232,0.0 
 07/10  06:00:00,0.0,746131.9756052411,0.0,18707402.50973916,18707402.50973916,0.0 
 07/10  06:15:00,0.0,685174.6841635404,0.0 
 07/10  06:30:00,0.0,738793.4522813114,0.0 
 07/10  06:45:00,0.0,778068.4207180294,0.0 
 07/10  07:00:00,0.0,818653.425384792,0.0,20280687.807922055,20280687.807922059,0.0 
 07/10  07:15:00,0.0,1443520.9015859669,0.0 
 07/10  07:30:00,0.0,1522413.3127426615,0.0 
 07/10  07:45:00,0.0,1579339.9993057149,0.0 
 07/10  08:00:00,0.0,1634850.543877639,0.0,33492816.77787122,33492816.77787122,0.0 
 07/10  08:15:00,0.0,1704803.745649735,0.0 
 07/10  08:30:00,0.0,1772482.0627246455,0.0 
 07/10  08:45:00,0.0,1833879.5145839984,0.0 
 07/10  09:00:00,0.0,1893600.8297549019,0.0,34463772.53874627,34463772.53874627,0.0 
 07/10  09:15:00,0.0,1855094.5304709236,0.0 
 07/10  09:30:00,0.0,1875390.5950361989,0.0 
 07/10  09:45:00,0.0,1896242.4501128435,0.0 
 07/10  10:00:00,0.0,1913541.329322884,0.0,34289134.97383497,34289134.97383497,0.0 
 07/10  10:15:00,0.0,2016967.6238083468,0.0 
 07/10  10:30:00,0.0,2062147.3575898524,0.0 
 07/10  10:45:00,0.0,2103571.7314229465,0.0 
 07/10  11:00:00,0.0,2153239.8113922437,0.0,35458273.69335917,35458273.69335917,0.0 
 07/10  11:15:00,0.0,1899592.4016840375,0.0 
 07/10  11:30:00,0.0,1905714.0125820963,0.0 
 07/10  11:45:00,0.0,1913493.0565891404,0.0 
 07/10  12:00:00,0.0,1919573.2592024045,0.0,32828211.33739527,32828211.337395275,0.0 
 07/10  12:15:00,0.0,2201375.6389209839,0.0 
 07/10  12:30:00,0.0,2220333.328902188,0.0 
 07/10  12:45:00,0.0,2235895.1285663626,0.0 
 07/10  13:00:00,0.0,2249860.285367555,0.0,36302215.66653363,36302215.66653362,0.0 
 07/10  13:15:00,0.0,2195279.7801600636,0.0 
 07/10  13:30:00,0.0,2210864.787406829,0.0 
 07/10  13:45:00,0.0,2224406.093863985,0.0 
 07/10  14:00:00,0.0,2237786.098269896,0.0,35650612.36037702,35650612.36037702,0.0 
 07/10  14:15:00,0.0,2303526.4364117977,0.0 
 07/10  14:30:00,0.0,2301046.1321937239,0.0 
 07/10  14:45:00,0.0,2296751.762769695,0.0 
 07/10  15:00:00,0.0,2294116.870269244,0.0,36537410.52961558,36537410.52961558,0.0 
 07/10  15:15:00,0.0,2291923.792693331,0.0 
 07/10  15:30:00,0.0,2287325.491912064,0.0 
 07/10  15:45:00,0.0,2283156.773536359,0.0 
 07/10  16:00:00,0.0,2279594.8229426487,0.0,36328459.118057038,36328459.118057038,0.0 
 07/10  16:15:00,0.0,1529667.482926371,0.0 
 07/10  16:30:00,0.0,1492373.6855167412,0.0 
 07/10  16:45:00,0.0,1450046.418066803,0.0 
 07/10  17:00:00,0.0,1412061.453383528,0.0,24673238.629608718,24673238.62960872,0.0 
 07/10  17:15:00,0.0,1180949.6342194672,0.0 
 07/10  17:30:00,0.0,1137717.7629510957,0.0 
 07/10  17:45:00,0.0,1084961.6747369692,0.0 
 07/10  18:00:00,0.0,1026122.7365921207,0.0,18121979.081285739,18121979.08128574,0.0 
 07/10  18:15:00,0.0,966681.6776431045,0.0 
 07/10  18:30:00,0.0,888824.4792802013,0.0 
 07/10  18:45:00,0.0,808583.791070368,0.0 
 07/10  19:00:00,0.0,698855.6983912569,0.0,17067338.02307204,17067338.02307205,0.0 
 07/10  19:15:00,0.0,618237.5861645776,0.0 
 07/10  19:30:00,0.0,552884.973036621,0.0 
 07/10  19:45:00,0.0,492726.4065818174,0.0 
 07/10  20:00:00,0.0,436265.52476477037,0.0,15894218.533322365,15894218.533322366,0.0 
 07/10  20:15:00,0.0,400214.9719268364,0.0 
 07/10  20:30:00,0.0,369004.3955745562,0.0 
 07/10  20:45:00,0.0,341249.11332093036,0.0 
 07/10  21:00:00,0.0,316655.2484927449,0.0,15196305.570610768,15196305.57061077,0.0 
 07/10  21:15:00,0.0,263756.21310162617,0.0 
 07/10  21:30:00,0.0,244800.75181187303,0.0 
 07/10  21:45:00,0.0,228236.44793142554,0.0 
 07/10  22:00:00,0.0,214617.89663427778,0.0,13815913.303790562,13815913.303790562,0.0 
 07/10  22:15:00,0.0,186099.12919333793,0.0 
 07/10  22:30:00,0.0,185415.2279179432,0.0 
 07/10  22:45:00,0.0,185779.655803687,0.0 
 07/10  23:00:00,0.0,187628.0267412382,0.0,13259583.200058174,13259583.200058176,0.0 
 07/10  23:15:00,0.0,561420.3348631302,0.0 
 07/10  23:30:00,0.0,553219.3141810644,0.0 
 07/10  23:45:00,0.0,543789.379625672,0.0 
 07/10  24:00:00,0.0,535356.893973435,0.0,17410812.019867146,17410812.01986715,0.0 
